Date,Open,Higest,Lowest,Close,Volume,Turnover
2015/9/2,3220.85,3387.02,3213.64,3365.83,347789412,3.49E+11
2015/9/7,3347.29,3422.22,3240.24,3250.49,204224431,2.22E+11
2015/9/8,3221.79,3340.22,3170.81,3334.02,154599631,1.68E+11
2015/9/9,3344.82,3426.65,3330.29,3399.31,220467421,2.59E+11
2015/9/10,3349.28,3398.32,3337.31,3357.56,144882971,1.68E+11
2015/9/11,3349.88,3383.13,3315.48,3347.19,108547508,1.30E+11
2015/9/14,3367.64,3373.92,3187.57,3281.13,205457251,2.26E+11
2015/9/15,3208.74,3240.08,3131.98,3152.23,143555641,1.46E+11
2015/9/16,3149.16,3345.92,3131.37,3309.25,159709994,1.68E+11
2015/9/17,3287.66,3354.91,3237,3237,169401881,1.90E+11
2015/9/18,3254.44,3280.88,3227.83,3251.27,106903481,1.22E+11
2015/9/21,3222.6,3312.55,3211.93,3308.25,122788668,1.45E+11
2015/9/22,3312.37,3371.41,3303.18,3339.03,146221985,1.72E+11
2015/9/23,3290.07,3315.94,3253.33,3263.03,123171439,1.37E+11
2015/9/24,3278.9,3300.86,3255.9,3285,102011238,1.21E+11
2015/9/25,3272.67,3290.86,3201.91,3231.95,121419278,1.38E+11
2015/9/28,3226.61,3246.55,3186.51,3242.75,74219468,88007467008
2015/9/29,3197.22,3208.42,3159.04,3178.85,87150633,96691511296
2015/9/30,3195.9,3223.91,3186.77,3202.95,78559349,95881601024
2015/10/8,3324.98,3337.33,3294.61,3296.48,132081768,1.64E+11
2015/10/9,3302.36,3352.38,3293.97,3340.12,124352500,1.45E+11
2015/10/12,3351.14,3486.63,3347.25,3447.69,221400468,2.64E+11
2015/10/13,3422.48,3452.05,3413.97,3445.04,145433786,1.75E+11
2015/10/14,3431.14,3458.7,3403.23,3406.11,152173938,1.75E+11
2015/10/15,3403.39,3486.81,3402.32,3486.81,171158299,2.02E+11
2015/10/16,3508.52,3537.54,3487.1,3534.07,208964709,2.52E+11
2015/10/19,3548.95,3572.99,3502.5,3534.18,207606744,2.55E+11
2015/10/20,3527.88,3577.8,3510.44,3577.7,179025108,2.27E+11
2015/10/21,3580.84,3601.24,3417.41,3473.25,282076050,3.27E+11
2015/10/22,3453.2,3530.77,3442.31,3524.53,184305580,2.24E+11
2015/10/23,3536.84,3581.84,3515.82,3571.24,198294478,2.47E+11
2015/10/26,3614.7,3620.76,3561.19,3589.26,204248863,2.70E+11
2015/10/27,3569.45,3601.05,3486.1,3592.88,192056140,2.39E+11
2015/10/28,3575.8,3598.17,3517.21,3524.92,170977098,2.13E+11
2015/10/29,3539.98,3561.81,3507.97,3533.31,127010446,1.61E+11
2015/10/30,3530.22,3574.47,3497.57,3534.08,139141914,1.83E+11
2015/11/2,3489.23,3543.45,3474.71,3475.96,130002568,1.67E+11
2015/11/3,3484.72,3501.7,3452.62,3465.49,101401876,1.32E+11
2015/11/4,3477.16,3628.54,3477.16,3628.54,205423865,2.67E+11
2015/11/5,3630.78,3781.41,3627.3,3705.97,398046568,4.95E+11
2015/11/6,3698.34,3801.71,3694.66,3793.37,298753076,3.90E+11
2015/11/9,3796.38,3891.77,3796.38,3840.35,356804823,4.63E+11
2015/11/10,3806.67,3876.49,3798.82,3833.24,286519603,3.81E+11
2015/11/11,3828.45,3843.11,3781.41,3833.65,232234296,3.07E+11
2015/11/12,3841.74,3843.9,3771.27,3795.32,217537647,3.02E+11
2015/11/13,3756.2,3793.71,3727.58,3746.24,203489891,2.82E+11
2015/11/16,3682.73,3764.41,3680.07,3764.13,161690901,2.27E+11
2015/11/17,3790.43,3852.77,3750.16,3758.39,248533071,3.65E+11
2015/11/18,3760.46,3771.85,3706.31,3715.58,185689495,2.54E+11
2015/11/19,3725.62,3775.23,3714.67,3774.97,154631989,2.05E+11
2015/11/20,3778.88,3793.54,3757.03,3774.38,186951689,2.42E+11
2015/11/23,3774.44,3802.85,3743.41,3753.34,175626812,2.35E+11
2015/11/24,3745.76,3754.17,3702.74,3753.89,143383283,1.92E+11
2015/11/25,3747.76,3781.86,3735.72,3781.61,151944941,2.15E+11
2015/11/26,3795.25,3805.84,3756.82,3759.43,173525468,2.40E+11
2015/11/27,3739.1,3742.74,3534.39,3556.99,208939358,2.70E+11
2015/11/30,3554.89,3587.97,3455.07,3566.41,173201163,2.20E+11
2015/12/1,3562.32,3617.31,3536.12,3591.7,136536554,1.77E+11
2015/12/2,3587.76,3725.85,3573.4,3721.95,213538865,2.61E+11
2015/12/3,3709.55,3758.45,3693.14,3749.3,197762126,2.37E+11
2015/12/4,3719.73,3726.12,3667.29,3677.59,151199522,1.96E+11
2015/12/7,3681.58,3699.34,3658.58,3687.61,113883150,1.61E+11
2015/12/8,3668.84,3668.84,3619.44,3623.02,125781083,1.63E+11
2015/12/9,3613.42,3655.16,3611.49,3635.94,113325422,1.54E+11
2015/12/10,3634.37,3678.32,3615.99,3623.08,120215625,1.69E+11
2015/12/11,3605.37,3630.74,3578.15,3608.06,110322481,1.45E+11
2015/12/14,3573.88,3712.5,3571,3711.32,151769119,2.03E+11
2015/12/15,3707.73,3717.36,3679.23,3694.39,126481710,1.87E+11
2015/12/16,3703.95,3713.09,3677.45,3685.44,111342723,1.60E+11
2015/12/17,3712.78,3768.84,3709.85,3755.89,177924075,2.43E+11
2015/12/18,3754.96,3810.22,3750.93,3767.91,173465980,2.32E+11
2015/12/21,3762.1,3877.82,3759.99,3865.96,217435275,2.90E+11
2015/12/22,3872.1,3880.47,3841.59,3876.73,180303661,2.44E+11
2015/12/23,3877.87,3926.69,3862.96,3866.38,207017147,2.95E+11
2015/12/24,3858.13,3867.68,3787.08,3829.4,147181397,2.04E+11
2015/12/25,3832.08,3848.02,3813.2,3838.2,119624013,1.63E+11
2015/12/28,3847.53,3853.39,3727.63,3727.63,153988440,2.10E+11
2015/12/29,3723.05,3762.05,3710.48,3761.87,101885555,1.40E+11
2015/12/30,3762.91,3765.66,3726.28,3765.18,105629955,1.56E+11
2015/12/31,3760.9,3772.62,3727.32,3731,101873556,1.45E+11
2016/1/4,3725.86,3726.24,3468.95,3469.07,115370674,1.46E+11
2016/1/5,3382.18,3518.22,3377.28,3478.78,162116984,1.96E+11
2016/1/6,3482.41,3543.74,3468.47,3539.81,145966144,1.61E+11
2016/1/7,3481.15,3481.15,3284.74,3294.38,44102641,47130796032
2016/1/8,3371.87,3418.85,3237.93,3361.56,185959451,2.03E+11
2016/1/11,3303.12,3342.48,3192.45,3192.45,174638387,1.84E+11
2016/1/12,3214.82,3242.25,3174.55,3215.71,128225796,1.42E+11
2016/1/13,3240.48,3257.3,3155.88,3155.88,120666494,1.31E+11
2016/1/14,3076.64,3226.66,3072.04,3221.57,134537671,1.45E+11
2016/1/15,3200.89,3216.8,3101.05,3118.73,124601779,1.32E+11
2016/1/18,3068.23,3165.62,3066.73,3130.73,101128386,1.09E+11
2016/1/19,3132.7,3227.91,3119.22,3223.13,127653893,1.43E+11
2016/1/20,3204.22,3225.95,3154.43,3174.38,130650504,1.43E+11
2016/1/21,3136.38,3202.54,3081.35,3081.35,111189733,1.22E+11
2016/1/22,3114.9,3132.17,3053.96,3113.46,89951087,96885669888
2016/1/25,3129.03,3149.33,3105.1,3128.89,81540061,85777891328
2016/1/26,3099.6,3106.53,2934.65,2940.51,126933921,1.27E+11
2016/1/27,2953.18,2963.54,2839.29,2930.35,132229366,1.27E+11
2016/1/28,2909.33,2941.89,2841.84,2853.76,99222756,95663874048
2016/1/29,2855.6,2965.31,2854.37,2946.09,113304259,1.09E+11
2016/2/1,2939.04,2944.52,2869.56,2901.05,86795342,82931449856
2016/2/2,2901.53,2972.43,2901.51,2961.33,88601963,88740233216
2016/2/3,2931.29,2954.71,2909.9,2948.64,77389000,74817093632
2016/2/4,2960.33,2999.21,2960.21,2984.76,91779724,91550343168
2016/2/5,2982.06,2988.36,2962.85,2963.79,76850808,77443219456
2016/2/15,2888.43,2961.49,2886.02,2946.71,72919434,71285047296
2016/2/16,2962.19,3042.09,2962.19,3037.04,112579643,1.12E+11
2016/2/17,3034.09,3065.78,3027.05,3063.32,128291607,1.22E+11
2016/2/18,3079.53,3093.51,3049.84,3053.7,124401464,1.23E+11
2016/2/19,3047.94,3065.97,3032.63,3051.58,87338012,90849345536
2016/2/22,3083.93,3128.21,3071.33,3118.87,140946968,1.42E+11
2016/2/23,3117.2,3119.22,3061.43,3089.36,112567391,1.17E+11
2016/2/24,3077.61,3109.55,3055.25,3109.55,111782650,1.13E+11
2016/2/25,3104.41,3104.44,2905.46,2918.75,157829752,1.53E+11
2016/2/26,2942.1,2964.39,2902.95,2948.03,106949729,1.03E+11
2016/2/29,2939.58,2939.87,2821.21,2877.47,129341020,1.18E+11
2016/3/1,2881.34,2950.44,2863.32,2930.69,116045918,1.10E+11
2016/3/2,2933.92,3054.72,2933.12,3051.33,175972347,1.64E+11
2016/3/3,3050.39,3078.44,3040.25,3058.42,173105744,1.66E+11
2016/3/4,3047.54,3101.66,3032.42,3093.89,219172534,2.06E+11
2016/3/7,3109,3130.9,3083.58,3104.84,132462037,1.28E+11
2016/3/8,3100.15,3109.25,3001.83,3107.67,136235742,1.29E+11
2016/3/9,3045.92,3072.92,3020.13,3071.91,111466245,1.06E+11
2016/3/10,3056.21,3074.16,3012.69,3013.15,76072197,78180466688
2016/3/11,2990.21,3026.44,2982.17,3018.28,73333564,74367295488
2016/3/14,3039.57,3106.8,3034,3065.69,117108655,1.24E+11
2016/3/15,3061.34,3077.08,3028.58,3074.78,98311941,1.01E+11
2016/3/16,3068.87,3100.35,3064.52,3090.03,124736448,1.26E+11
2016/3/17,3096.81,3147.84,3077.57,3124.2,121661777,1.37E+11
2016/3/18,3136.22,3197.67,3130.1,3171.96,197302564,2.10E+11
2016/3/21,3203.29,3267.78,3198.36,3249.44,233269464,2.57E+11
2016/3/22,3231.61,3249.68,3218.73,3225.79,161020897,1.94E+11
2016/3/23,3217.73,3242.25,3202.98,3236.09,125679286,1.56E+11
2016/3/24,3211.5,3221.91,3181.81,3181.85,133131122,1.62E+11
2016/3/25,3176.81,3204.44,3174.32,3197.82,97395330,1.15E+11
2016/3/28,3206.95,3229.62,3161.88,3169.73,103441933,1.24E+11
2016/3/29,3171.31,3178.07,3122.76,3135.41,97294747,1.14E+11
2016/3/30,3161.29,3216.68,3161.29,3216.28,117802512,1.41E+11
2016/3/31,3229.2,3241.93,3208.66,3218.09,121552074,1.47E+11
2016/4/1,3213.67,3222.61,3165.86,3221.89,118122139,1.27E+11
2016/4/5,3211.3,3271.93,3205.21,3264.49,146047772,1.59E+11
2016/4/6,3250.52,3267.64,3236.2,3257.53,120196305,1.37E+11
2016/4/7,3266.29,3270.82,3208.64,3209.29,112409467,1.28E+11
2016/4/8,3189.85,3197.77,3163.3,3185.73,101005625,1.14E+11
2016/4/11,3213.51,3251.57,3213.51,3230.1,125212709,1.43E+11
2016/4/12,3227.37,3232.26,3198.9,3218.45,92869437,99086557184
2016/4/13,3237.86,3296.52,3237.86,3261.38,195613866,2.00E+11
2016/4/14,3277.1,3286.07,3252.05,3275.83,113157327,1.18E+11
2016/4/15,3279.86,3282.98,3261.73,3272.21,99807529,1.08E+11
2016/4/18,3252.67,3252.67,3221.66,3228.45,97090069,1.04E+11
2016/4/19,3243.97,3250.73,3221.58,3238.3,80871440,90976239616
2016/4/20,3244.14,3248.42,3107.37,3181.03,162207858,1.72E+11
2016/4/21,3160.8,3198.56,3150.94,3160.6,104752651,1.10E+11
2016/4/22,3142.56,3175.38,3137.99,3174.9,77078492,82442919936
2016/4/25,3164.74,3172.27,3137.11,3162.03,67519351,74734845952
2016/4/26,3159.77,3181.1,3150.4,3179.16,59020734,68871553024
2016/4/27,3181.93,3188.83,3162.69,3165.92,60004147,70620405760
2016/4/28,3169.33,3174.77,3135.64,3160.58,69870660,78876770304
2016/4/29,3153.54,3171.29,3149.4,3156.75,58029776,70807707648
2016/5/3,3159.82,3218.49,3151.4,3213.54,98164835,1.16E+11
2016/5/4,3203.47,3222.88,3198.29,3209.46,90862408,97797136384
2016/5/5,3204.17,3217.28,3196.57,3213.92,74733681,83946496000
2016/5/6,3213.14,3216.89,3130.15,3130.35,108680240,1.19E+11
2016/5/9,3115.43,3115.43,3055.01,3065.62,99230477,1.00E+11
2016/5/10,3055.21,3084.72,3055.18,3069.11,68849935,70650765312
2016/5/11,3080.64,3102.88,3063.09,3082.81,81794258,87323410432
2016/5/12,3059.38,3095.35,3035.02,3090.14,78765726,81418788864
2016/5/13,3081.68,3103.1,3064.69,3074.94,62629755,65850994688
2016/5/16,3064.53,3095.56,3053.66,3095.31,59461856,64405200896
2016/5/17,3095.52,3105.2,3073.46,3086.02,65278125,75389386752
2016/5/18,3071.53,3072.61,3039.46,3068.04,82715369,88458846208
2016/5/19,3060.34,3086.98,3058.15,3062.5,60444166,68679061504
2016/5/20,3047.78,3078.53,3041.52,3078.22,56080842,65124249600
2016/5/23,3078.51,3098.48,3076.5,3087.22,59697216,70337511424
2016/5/24,3083.24,3083.26,3052.59,3063.56,58734385,61106016256
2016/5/25,3079.75,3089.1,3054.87,3059.23,56652803,63316561920
2016/5/26,3056.6,3072.52,3027.44,3064.21,60392981,65985183744
2016/5/27,3059.73,3073.76,3052.18,3062.5,60468750,59371778048
2016/5/30,3056.31,3075.26,3037.66,3066.71,63098579,63496564736
2016/5/31,3068.6,3170.93,3068.6,3169.56,138863111,1.51E+11
2016/6/1,3172.96,3181.79,3159.82,3160.55,113148482,1.32E+11
2016/6/2,3158.03,3168.82,3151.07,3167.1,86003427,97093623808
2016/6/3,3172.95,3201.75,3162.09,3189.33,101491783,1.36E+11
2016/6/6,3192.78,3197.22,3168.55,3178.79,76693751,1.01E+11
2016/6/7,3182.44,3186.62,3168.18,3177.05,68928314,88711618560
2016/6/8,3171.81,3174.97,3148.35,3163.99,76291775,97682792448
2016/6/13,3134.05,3145.61,3065.77,3066.34,92975947,1.14E+11
2016/6/14,3058.44,3078.75,3055.66,3075.98,66279457,78622302208
2016/6/15,3043.96,3128.67,3042.23,3116.37,87393257,1.06E+11
2016/6/16,3104.36,3112.48,3089.48,3094.67,82974703,93496238080
2016/6/17,3096.09,3131.05,3096.09,3110.36,85402985,97953390592
2016/6/20,3114.91,3118.73,3089.71,3112.67,63587141,74647805952
2016/6/21,3124.9,3155.49,3097.94,3106.32,87965345,1.07E+11
2016/6/22,3100.45,3134.06,3096.99,3133.96,66487113,81348714496
2016/6/23,3129.72,3129.72,3102.48,3117.32,67751738,81732550656
2016/6/24,3110.65,3130.54,3033.97,3077.16,104792208,1.19E+11
2016/6/27,3065.13,3120.64,3064.97,3120.54,83267259,1.04E+11
2016/6/28,3107.4,3139.43,3099.7,3136.4,92024637,1.17E+11
2016/6/29,3142.48,3158.08,3139.13,3151.39,103723668,1.18E+11
2016/6/30,3152.83,3163.72,3148.2,3153.92,79692617,1.01E+11
2016/7/1,3156.93,3170.26,3148.29,3154.2,71746283,91215028224
2016/7/4,3136.39,3210.6,3134.02,3204.7,133310529,1.50E+11
2016/7/5,3199.16,3216.7,3198,3207.38,130226895,1.44E+11
2016/7/6,3197.63,3217.52,3183.45,3216.8,124897458,1.47E+11
2016/7/7,3206.55,3220.54,3190.12,3209.95,118595202,1.40E+11
2016/7/8,3199.75,3204.93,3183.96,3192.28,89734855,1.11E+11
2016/7/11,3199.04,3235.96,3197.63,3203.33,138529511,1.55E+11
2016/7/12,3201.91,3273.47,3200.3,3273.18,172534217,1.91E+11
2016/7/13,3274.02,3300.99,3271.78,3282.87,175196090,1.97E+11
2016/7/14,3277.48,3281.95,3259.07,3276.76,107525798,1.28E+11
2016/7/15,3278.84,3285.03,3265.29,3276.28,102665026,1.25E+11
2016/7/18,3269.71,3281.64,3251.77,3262.02,110312518,1.30E+11
2016/7/19,3260.43,3264.73,3226.2,3248.23,88886861,1.07E+11
2016/7/20,3246.86,3254.51,3232.26,3237.61,72701255,91367448576
2016/7/21,3238.34,3271.37,3238.3,3252.52,86004825,1.07E+11
2016/7/22,3251.24,3253.77,3220.89,3225.16,86029128,1.07E+11
2016/7/25,3220.17,3243.79,3218.14,3230.89,70203185,92015845376
2016/7/26,3228.23,3269.75,3228.01,3269.59,81051089,1.04E+11
2016/7/27,3270.08,3276.51,3157.41,3218.24,160188665,1.87E+11
2016/7/28,3204.46,3235.78,3195.27,3221.14,112779964,1.37E+11
2016/7/29,3217.19,3225.42,3198.68,3203.93,88044837,1.04E+11
2016/8/1,3196.43,3199.98,3156.75,3176.81,87003497,98818637824
2016/8/2,3173.76,3189.05,3165.54,3189.05,62167639,70640762880
2016/8/3,3179.68,3197.16,3173.54,3193.51,72864102,79754321920
2016/8/4,3190.55,3201.55,3170.42,3201.29,73504373,86919593984
2016/8/5,3201.35,3224.87,3192.86,3205.11,77196366,94429544448
2016/8/8,3199.57,3234.48,3187.25,3234.18,86676051,1.03E+11
2016/8/9,3232.6,3257.33,3229.17,3256.98,91065259,1.06E+11
2016/8/10,3255.18,3261.86,3242.75,3243.34,90430372,1.06E+11
2016/8/11,3239.56,3274.03,3232.61,3233.36,101041213,1.17E+11
2016/8/12,3231.81,3294.23,3231.14,3294.23,116254044,1.29E+11
2016/8/15,3303.47,3417.91,3302.38,3393.42,220543421,2.59E+11
2016/8/16,3403.38,3418.69,3372.02,3378.25,196389740,2.27E+11
2016/8/17,3377.77,3394.39,3356.92,3373.05,138847688,1.68E+11
2016/8/18,3369.95,3394.79,3349.69,3364.49,142380169,1.72E+11
2016/8/19,3358.55,3374.04,3341.19,3365.02,119961508,1.35E+11
2016/8/22,3364.68,3372.83,3335.47,3336.79,107951008,1.28E+11
2016/8/23,3332.62,3359.65,3324.96,3341.83,92924516,1.09E+11
2016/8/24,3341.93,3348.13,3323.73,3329.86,81191429,94012833792
2016/8/25,3314.08,3315.08,3279.81,3308.97,100589153,1.13E+11
2016/8/26,3312.5,3328.95,3301.74,3307.09,81530691,93213204480
2016/8/29,3306.57,3315.08,3297.07,3307.78,77036333,88011644928
2016/8/30,3310.32,3325.12,3304.6,3311.99,75725987,89513017344
2016/8/31,3310.57,3333.97,3304.66,3327.79,79570805,99215040512
2016/9/1,3326.74,3329.35,3301.21,3301.58,84947219,1.01E+11
2016/9/2,3298.72,3320.43,3295.76,3314.11,82791803,99396378624
2016/9/5,3321.01,3338.42,3314.63,3319.68,78292477,87531085824
2016/9/6,3322.02,3347.95,3300.13,3342.63,98283998,1.18E+11
2016/9/7,3344.07,3357.36,3337.75,3340.82,102940106,1.15E+11
2016/9/8,3338.01,3343.4,3328.23,3339.56,71916158,83742343168
2016/9/9,3339.37,3344.95,3318.04,3318.04,82657036,95471190016
2016/9/12,3271.87,3276.72,3234.57,3262.6,122917682,1.34E+11
2016/9/13,3265.34,3269.22,3246.39,3260.33,67180288,76862644224
2016/9/14,3245.74,3255,3231.34,3238.73,70432697,79780749312
2016/9/19,3242.74,3264.9,3242.74,3263.12,58831082,67678031872
2016/9/20,3264.67,3265.03,3252.39,3257.4,52784206,61626150912
2016/9/21,3257.71,3270.9,3254.32,3266.64,59142979,68957741056
2016/9/22,3281.47,3303.2,3277.98,3291.12,75753542,89991757824
2016/9/23,3292.28,3293.92,3275.02,3275.67,57993986,68046258176
2016/9/26,3267.69,3267.69,3220.28,3220.28,70452186,78700838912
2016/9/27,3214.87,3240.78,3214.44,3240.75,58460550,66651131904
2016/9/28,3243.65,3243.65,3228,3230.89,44727498,51996405760
2016/9/29,3234.86,3257.77,3234.8,3244.39,55452556,62220300288
2016/9/30,3240.18,3260.94,3239.04,3253.28,44978022,52655734784
2016/10/10,3265.36,3294.64,3258.96,3293.87,80519260,89607987200
2016/10/11,3296.87,3308,3292.88,3306.56,87713163,88213422080
2016/10/12,3299.14,3302.56,3289.75,3300.01,68669781,72386912256
2016/10/13,3299.16,3307.41,3292.4,3302.65,81224198,79923748864
2016/10/14,3298.73,3306.69,3285.73,3305.85,82316271,81485594624
2016/10/17,3305.96,3309.01,3271.54,3277.88,86113509,88199421952
2016/10/18,3272.68,3321.33,3272.68,3321.33,102860714,1.05E+11
2016/10/19,3323.3,3332.52,3309.83,3316.24,101167725,96354443264
2016/10/20,3317.18,3324.9,3312.17,3318.6,79238871,82481094656
2016/10/21,3315.72,3341.56,3309.18,3327.74,109785176,1.07E+11
2016/10/24,3332.51,3382.83,3330.97,3367.58,153014345,1.50E+11
2016/10/25,3367.48,3373.91,3356.59,3367.45,111191693,1.11E+11
2016/10/26,3365.2,3367.83,3349.57,3354.8,98024786,1.05E+11
2016/10/27,3351.46,3352.35,3335.13,3345.7,77629851,85241012224
2016/10/28,3347.14,3370.75,3337.29,3340.13,93133309,1.05E+11
2016/10/31,3332.41,3340.47,3317.33,3336.28,71352863,80701825024
2016/11/1,3338.71,3359.39,3334.46,3359.05,74938199,84717682688
2016/11/2,3350.71,3356.4,3331.38,3333.35,91197104,1.00E+11
2016/11/3,3326.9,3379.99,3324.84,3365.08,126223504,1.37E+11
2016/11/4,3362.21,3377.64,3348.43,3354.17,104069655,1.11E+11
2016/11/7,3353.44,3362.74,3342.31,3356.59,99877988,94370873344
2016/11/8,3367.7,3383.92,3361.13,3371.12,103148282,1.05E+11
2016/11/9,3370.6,3373.1,3322.08,3353.05,139110059,1.45E+11
2016/11/10,3374.91,3403.02,3374.91,3390.61,134705535,1.33E+11
2016/11/11,3387.95,3422.67,3382.89,3417.22,198781496,1.91E+11
2016/11/14,3409.22,3452.62,3408.14,3430.25,213247105,2.08E+11
2016/11/15,3428.87,3434.92,3415.99,3429.87,134566320,1.35E+11
2016/11/16,3432.43,3435.64,3419.24,3429.59,129808511,1.29E+11
2016/11/17,3423.47,3437.67,3412.88,3436.53,121561731,1.22E+11
2016/11/18,3437.49,3443.12,3413.27,3417.46,115951205,1.17E+11
2016/11/21,3412.65,3463.14,3412.08,3441.11,146434529,1.48E+11
2016/11/22,3443.22,3469.22,3443.22,3468.36,168523446,1.67E+11
2016/11/23,3473.9,3492.96,3465.76,3474.73,162388504,1.71E+11
2016/11/24,3468.81,3508.16,3467.01,3488.74,145746301,1.65E+11
2016/11/25,3490.04,3521.3,3463.95,3521.3,153621506,1.67E+11
2016/11/28,3538.68,3553.36,3528.32,3535.08,207375483,2.20E+11
2016/11/29,3525.9,3583.72,3521.38,3564.04,236918356,2.48E+11
2016/11/30,3557.64,3567.07,3527.02,3538,178560178,1.91E+11
2016/12/1,3543.96,3575.97,3543.25,3565.04,180170761,2.00E+11
2016/12/2,3559.77,3562.55,3516.79,3528.95,196355480,2.04E+11
2016/12/5,3473.69,3496.88,3457.34,3469.41,180852355,1.90E+11
2016/12/6,3466.24,3477.59,3456.81,3459.15,115529090,1.26E+11
2016/12/7,3458.37,3475.75,3445.76,3475.75,114345103,1.15E+11
2016/12/8,3481.81,3484.34,3466.51,3470.14,117383922,1.19E+11
2016/12/9,3464.87,3507.93,3461.76,3493.7,150303308,1.53E+11
2016/12/12,3489.27,3495.8,3400.79,3409.18,187467751,1.99E+11
2016/12/13,3394.21,3416.21,3370.6,3405.04,121105097,1.24E+11
2016/12/14,3399.41,3412.28,3378.27,3378.95,124007744,1.26E+11
2016/12/15,3363.86,3378.04,3327.14,3340.43,114960660,1.22E+11
2016/12/16,3335.36,3356.29,3330.49,3346.03,90775422,98112208896
2016/12/19,3342.35,3344.86,3325,3328.98,81640678,86095691776
2016/12/20,3328.3,3329.1,3289.27,3309.06,87569592,88527347712
2016/12/21,3313.75,3342.48,3313.75,3338.54,108254995,1.06E+11
2016/12/22,3335.12,3340.36,3322.72,3335.67,92277249,92564881408
2016/12/23,3333.4,3334.89,3300.88,3307.6,97444713,99575472128
2016/12/26,3293.22,3322.42,3267.05,3322.4,89793982,95493218304
2016/12/27,3319.21,3330.23,3315.83,3316.39,75486359,79617130496
2016/12/28,3315.75,3320.55,3293.17,3301.89,69000437,71759839232
2016/12/29,3297.04,3312.11,3288.1,3297.76,70087923,75972960256
2016/12/30,3302.6,3313.55,3295.75,3310.08,71744116,76921372672
2017/1/3,3313.95,3345.26,3313.95,3342.23,86567896,87612768256
2017/1/4,3340.56,3369.57,3338.15,3368.31,90050827,98014355456
2017/1/5,3368.34,3373.41,3361.46,3367.79,88336357,91189338112
2017/1/6,3366.85,3368.87,3346.89,3347.67,87459114,91072258048
2017/1/9,3345.75,3366.22,3344.35,3363.9,83707942,87916118016
2017/1/10,3361.64,3370.51,3354.09,3358.27,83819160,82533965824
2017/1/11,3355.8,3366.63,3334.3,3334.5,91071438,86750453760
2017/1/12,3332.69,3343.13,3315.96,3317.62,81239135,75031887872
2017/1/13,3317.96,3338.17,3309.37,3319.91,84180589,84556103680
2017/1/16,3314.15,3322.78,3264.21,3319.45,157779135,1.53E+11
2017/1/17,3305.6,3327.38,3292.2,3326.36,69453328,74754506752
2017/1/18,3323.34,3350.96,3320.41,3339.37,70623227,75680677888
2017/1/19,3330.95,3346.5,3324.68,3329.29,66159808,63869710336
2017/1/20,3326.98,3358.41,3326.37,3354.89,65300462,70831325184
2017/1/23,3359.05,3378.74,3355.85,3364.08,75557498,76492660736
2017/1/24,3363.14,3371.32,3355.9,3364.45,66194226,66049650688
2017/1/25,3361.66,3376.44,3357.22,3375.9,58376931,62483394560
2017/1/26,3378.26,3395.88,3378.26,3387.96,65316647,66488819712
2017/2/3,3390.93,3392.48,3362.57,3364.49,55188861,57113853952
2017/2/6,3368.11,3381.33,3358.75,3373.21,68521360,73408135168
2017/2/7,3371.77,3376.71,3354.63,3365.68,63754462,69758181376
2017/2/8,3361.78,3383.69,3347.43,3383.29,75402879,82869739520
2017/2/9,3381.9,3406.59,3379.79,3396.29,97558515,1.02E+11
2017/2/10,3398.32,3422.33,3398.03,3413.49,123768720,1.22E+11
2017/2/13,3416.92,3439.54,3416.87,3436.27,120144538,1.25E+11
2017/2/14,3438.51,3440.67,3424.4,3435.8,94809465,98537168896
2017/2/15,3435.39,3448.03,3417.08,3421.71,127643338,1.25E+11
2017/2/16,3421.83,3440.93,3418.35,3440.93,108276962,1.02E+11
2017/2/17,3443.62,3457.56,3419.61,3421.44,114600036,1.18E+11
2017/2/20,3421.64,3472.6,3421.64,3471.39,132628862,1.35E+11
2017/2/21,3475.06,3490.09,3472.02,3482.82,114842009,1.21E+11
2017/2/22,3483.2,3489.95,3473.52,3489.76,102815994,1.09E+11
2017/2/23,3487.57,3492.96,3460.12,3473.32,99536330,1.07E+11
2017/2/24,3468.96,3473.85,3455.25,3473.85,95535133,99875168256
2017/2/27,3471.13,3472.84,3441.39,3446.22,98672160,1.07E+11
2017/2/28,3445.03,3460.91,3441.36,3452.81,75215260,81979310080
2017/3/1,3452.21,3472.7,3449.11,3458.44,103260354,1.09E+11
2017/3/2,3463.48,3468.47,3434,3435.1,89898077,97876189184
2017/3/3,3424.66,3428.88,3412.83,3427.86,80994652,90009616384
2017/3/6,3427.25,3449.03,3425.9,3446.48,83070882,95178547200
2017/3/7,3446.16,3454.04,3440.06,3453.96,80334720,94483824640
2017/3/8,3452.2,3457.04,3441.26,3448.73,79587690,89124904960
2017/3/9,3442.9,3443.05,3414.68,3426.94,84570381,90090045440
2017/3/10,3423.98,3436.24,3423.94,3427.89,70016199,82161713152
2017/3/13,3425.67,3458.1,3412.69,3458.1,91684124,1.08E+11
2017/3/14,3456.66,3465.39,3448.9,3456.69,77077963,95317565440
2017/3/15,3452.21,3463.92,3445.27,3463.64,79104954,94056259584
2017/3/16,3472.27,3492.13,3472.27,3481.51,106333913,1.25E+11
2017/3/17,3485.31,3488.5,3441.47,3445.81,103755560,1.22E+11
2017/3/20,3449.05,3454.06,3429.83,3449.61,88734322,1.04E+11
2017/3/21,3449.77,3466.7,3445.64,3466.35,87707855,1.14E+11
2017/3/22,3450.75,3464.33,3433.5,3450.05,104935894,1.24E+11
2017/3/23,3452.41,3470.82,3435.69,3461.98,94318062,1.16E+11
2017/3/24,3464.2,3499.32,3461.11,3489.6,125645833,1.42E+11
2017/3/27,3488.76,3505.98,3474.52,3478.04,107015377,1.24E+11
2017/3/28,3480.25,3482.29,3461.47,3469.81,84194820,97495941120
2017/3/29,3472.97,3483.06,3455.55,3465.19,104851706,1.15E+11
2017/3/30,3461.62,3467.3,3422.37,3436.76,116376922,1.22E+11
2017/3/31,3434.82,3456.31,3430.82,3456.05,91577491,1.01E+11
2017/4/5,3476.42,3504.54,3475.15,3503.89,143399017,1.61E+11
2017/4/6,3507.99,3517.78,3495.72,3514.05,136767004,1.45E+11
2017/4/7,3514.45,3526.81,3506.39,3517.46,140293204,1.45E+11
2017/4/10,3519.46,3522.8,3502.08,3505.14,141887380,1.56E+11
2017/4/11,3503.83,3520.13,3466.14,3517.33,165945832,1.89E+11
2017/4/12,3514.57,3523.1,3498,3509.44,181824537,2.02E+11
2017/4/13,3500.28,3518.44,3496.57,3514.57,129981813,1.33E+11
2017/4/14,3516.81,3517.47,3476.95,3486.5,135474078,1.30E+11
2017/4/17,3475.74,3480.57,3453.68,3479.94,117164961,1.24E+11
2017/4/18,3474.89,3489.08,3462.63,3462.74,110927823,1.27E+11
2017/4/19,3452.99,3459.35,3418.51,3445.88,121349264,1.27E+11
2017/4/20,3444.52,3465.61,3440.72,3461.55,114184208,1.34E+11
2017/4/21,3461.39,3475.56,3449.54,3466.79,104419110,1.15E+11
2017/4/24,3458.23,3458.23,3403.98,3431.26,114660791,1.23E+11
2017/4/25,3427.73,3449.67,3422.65,3440.97,94072148,1.08E+11
2017/4/26,3440.25,3466.57,3439.15,3445.18,111940029,1.31E+11
2017/4/27,3435.1,3449.27,3399.54,3446.72,123298425,1.35E+11
2017/4/28,3439.57,3439.9,3417.24,3439.75,101632351,1.14E+11
2017/5/2,3427.92,3436.31,3418.67,3426.58,92797462,1.02E+11
2017/5/3,3421.76,3432.22,3403.08,3413.13,91669624,97854119936
2017/5/4,3404.94,3421.4,3391.28,3404.39,103482075,1.07E+11
2017/5/5,3393.48,3395.45,3366.56,3382.55,109895333,1.17E+11
2017/5/8,3369.11,3374.16,3339.57,3358.81,123749287,1.27E+11
2017/5/9,3342.6,3358.05,3327.59,3352.53,76771668,85528829952
2017/5/10,3350.65,3369.43,3336,3337.7,92082628,1.02E+11
2017/5/11,3322.95,3359.6,3312.89,3356.65,109252890,1.12E+11
2017/5/12,3350.94,3387.27,3349.17,3385.38,93386466,97522122752
2017/5/15,3391.59,3406.58,3391.59,3399.19,82977611,92183330816
2017/5/16,3390.93,3428.85,3373.55,3428.65,105242416,1.13E+11
2017/5/17,3423.19,3433.97,3408.15,3409.97,99736837,1.11E+11
2017/5/18,3387.67,3409.93,3383.94,3398.11,85759589,88091164672
2017/5/19,3395.23,3405.94,3392.38,3403.85,71473525,78397079552
2017/5/22,3400.59,3424.18,3391.17,3411.24,92539559,99021119488
2017/5/23,3405.03,3434.77,3401.53,3424.19,116911033,1.27E+11
2017/5/24,3409.72,3424.17,3383.89,3424.17,83553161,92620046336
2017/5/25,3414.4,3490.42,3413.22,3485.66,130721631,1.37E+11
2017/5/26,3479.62,3498.31,3473.04,3480.43,103241153,1.13E+11
2017/5/31,3495.07,3515.08,3474.92,3492.88,104829744,1.16E+11
2017/6/1,3485.22,3499.81,3476.43,3497.74,103127724,1.16E+11
2017/6/2,3491.59,3498.12,3470.2,3486.51,82668010,92850749440
2017/6/5,3480.17,3484.12,3462.31,3468.75,79738152,85609463808
2017/6/6,3464.38,3492.88,3460.45,3492.88,64089388,77868793856
2017/6/7,3493.88,3537.09,3491.13,3533.87,104419968,1.24E+11
2017/6/8,3531.24,3562.27,3528.18,3560.98,90224905,1.12E+11
2017/6/9,3561.24,3590.89,3560.63,3576.17,101188265,1.22E+11
2017/6/12,3570.22,3603.69,3565.9,3574.39,90381167,1.18E+11
2017/6/13,3569.16,3584.41,3559.21,3582.27,75177138,94223081472
2017/6/14,3571.25,3571.25,3530.27,3535.3,83810783,1.06E+11
2017/6/15,3530.75,3542.28,3508.95,3528.79,82632535,1.06E+11
2017/6/16,3522.97,3536.14,3514.39,3518.76,76452707,91462287360
2017/6/19,3520.06,3554.91,3520.06,3553.67,79797141,98572361728
2017/6/20,3560.79,3563.7,3539.51,3546.49,80509559,98187591680
2017/6/21,3567.13,3587.99,3545.57,3587.96,87859824,1.17E+11
2017/6/22,3583.56,3635.53,3581.34,3590.34,135526987,1.69E+11
2017/6/23,3583.44,3623.24,3569.32,3622.88,105129134,1.34E+11
2017/6/26,3627.02,3671.94,3627.02,3668.09,134637995,1.71E+11
2017/6/27,3665.58,3676.53,3648.76,3674.72,97558702,1.23E+11
2017/6/28,3664.16,3672.19,3644.03,3646.17,97920858,1.24E+11
2017/6/29,3649.25,3669.13,3644.73,3668.83,85589498,1.12E+11
2017/6/30,3654.73,3669.76,3646.23,3666.8,81510028,1.02E+11
2017/7/3,3667.23,3667.6,3633.78,3650.85,88820860,1.15E+11
2017/7/4,3646.83,3646.85,3611.69,3619.98,95071413,1.25E+11
2017/7/5,3611.9,3660.73,3610.46,3659.68,88232425,1.20E+11
2017/7/6,3654.56,3666.77,3629.56,3660.1,102379245,1.33E+11
2017/7/7,3647.64,3657.11,3631.87,3655.93,103735497,1.23E+11
2017/7/10,3647.94,3667.85,3641.53,3653.69,120591910,1.41E+11
2017/7/11,3646.88,3701.21,3645.99,3670.81,118760826,1.45E+11
2017/7/12,3672.63,3691.58,3640.59,3658.82,122287792,1.43E+11
2017/7/13,3656.35,3690.48,3652.57,3686.92,125669549,1.46E+11
2017/7/14,3682.62,3703.09,3672.74,3703.09,105514005,1.21E+11
2017/7/17,3700.62,3716.47,3621.37,3663.56,178821600,1.96E+11
2017/7/18,3648.49,3667.54,3622.04,3667.18,124622056,1.41E+11
2017/7/19,3660.87,3731.05,3658.2,3729.75,182477787,1.98E+11
2017/7/20,3725.14,3750.19,3723.07,3747.88,142410039,1.69E+11
2017/7/21,3738.18,3751.69,3722.07,3728.6,117941226,1.41E+11
2017/7/24,3724.38,3755.19,3719.85,3743.47,134868722,1.55E+11
2017/7/25,3742.64,3752.16,3713.28,3719.56,121672059,1.34E+11
2017/7/26,3722.88,3738.53,3684.18,3705.39,136325210,1.47E+11
2017/7/27,3700.86,3716.69,3672.5,3712.19,145002904,1.62E+11
2017/7/28,3703.49,3725.54,3696.78,3721.89,111411392,1.26E+11
2017/7/31,3722.43,3746.52,3713.66,3737.87,148429039,1.61E+11
2017/8/1,3738.74,3770.4,3737.1,3770.38,152546539,1.73E+11
2017/8/2,3768.19,3784.35,3759.28,3760.85,172293383,1.89E+11
2017/8/3,3755.11,3766.35,3718.44,3727.83,146153944,1.65E+11
2017/8/4,3724.72,3738.73,3707,3707.58,157470060,1.68E+11
2017/8/7,3701.22,3730.78,3689.96,3726.79,124231530,1.34E+11
2017/8/8,3724.33,3737.33,3718.81,3732.21,137241928,1.46E+11
2017/8/9,3728.03,3739,3713.57,3731.04,124679989,1.37E+11
2017/8/10,3724.96,3746.86,3688.18,3715.92,130085128,1.48E+11
2017/8/11,3687.93,3700.49,3645.09,3647.35,150387421,1.61E+11
2017/8/14,3651.38,3698.37,3651.38,3694.68,115308451,1.40E+11
2017/8/15,3695.78,3719.29,3692.28,3706.06,106444857,1.25E+11
2017/8/16,3701.13,3707.14,3679.73,3701.42,104134141,1.27E+11
2017/8/17,3707.07,3722.62,3704.41,3721.28,108656251,1.37E+11
2017/8/18,3707.19,3733.49,3700.41,3724.67,96561705,1.23E+11
2017/8/21,3731.84,3744.26,3728.62,3740.99,100313073,1.24E+11
2017/8/22,3745.75,3758.29,3734.56,3752.3,100292856,1.31E+11
2017/8/23,3747.61,3772.46,3741.72,3756.09,104961573,1.24E+11
2017/8/24,3755.89,3765.71,3729.09,3734.65,89947372,1.08E+11
2017/8/25,3736.29,3795.97,3736.29,3795.75,129940900,1.51E+11
2017/8/28,3805.66,3866.94,3805.66,3842.71,185576325,2.36E+11
2017/8/29,3839.18,3847.93,3825.76,3834.54,128227070,1.59E+11
2017/8/30,3834.27,3854.71,3827.86,3834.3,141352857,1.66E+11
2017/8/31,3835.84,3840.2,3800.89,3822.09,132944935,1.57E+11
2017/9/1,3825.34,3843.62,3818.16,3830.54,158645511,1.83E+11
2017/9/4,3828.54,3847.09,3813.55,3845.62,149566320,1.76E+11
2017/9/5,3845.55,3865.29,3841.95,3857.05,124964155,1.46E+11
2017/9/6,3846.75,3858.25,3831.38,3849.45,131398723,1.56E+11
2017/9/7,3851.69,3858.16,3828.84,3829.87,123884181,1.56E+11
2017/9/8,3830.07,3843.02,3813.98,3825.99,106036504,1.35E+11
2017/9/11,3828.34,3850.74,3817.51,3825.65,123883997,1.55E+11
2017/9/12,3832.24,3849.39,3822,3837.93,144190242,1.88E+11
2017/9/13,3835.55,3847.78,3822.94,3842.61,95410785,1.26E+11
2017/9/14,3843.57,3854.49,3820.09,3829.96,115358583,1.43E+11
2017/9/15,3826.14,3843.3,3818.52,3831.3,122427006,1.53E+11
2017/9/18,3832.96,3862.36,3832.96,3843.14,117934405,1.53E+11
2017/9/19,3849.88,3857.3,3820.29,3832.12,112432987,1.46E+11
2017/9/20,3830.15,3850.94,3827.89,3842.44,101129542,1.35E+11
2017/9/21,3843.26,3860.8,3837.38,3837.82,111098192,1.44E+11
2017/9/22,3826.46,3842.25,3816.82,3837.73,100619802,1.28E+11
2017/9/25,3829.22,3835.39,3811.12,3817.79,103948976,1.36E+11
2017/9/26,3810.33,3821.69,3808.38,3820.78,81869407,1.01E+11
2017/9/27,3818.96,3832.57,3818.81,3821.2,85655811,1.09E+11
2017/9/28,3821.59,3827.33,3813.75,3822.54,93544069,1.16E+11
2017/9/29,3825.2,3852.22,3825.2,3836.5,93306028,1.16E+11
2017/10/9,3910.12,3918.84,3876.03,3882.21,135535851,1.72E+11
2017/10/10,3883,3900.74,3855.47,3889.86,112532586,1.58E+11
2017/10/11,3886.82,3913.07,3885.5,3902.69,104418151,1.44E+11
2017/10/12,3902.02,3917.44,3897.55,3912.95,94340921,1.23E+11
2017/10/13,3912.98,3927.17,3908.89,3921,90142068,1.14E+11
2017/10/16,3926.28,3947.42,3913.32,3913.45,121355033,1.51E+11
2017/10/17,3910.79,3924.61,3900.48,3913.07,82241227,1.07E+11
2017/10/18,3914.82,3944.41,3914.82,3944.16,100969841,1.26E+11
2017/10/19,3940.58,3944.04,3923.65,3931.25,106527252,1.33E+11
2017/10/20,3918.53,3928.96,3910.2,3926.85,72980180,94529634304
2017/10/23,3930.89,3936.27,3920.66,3930.8,81484980,1.00E+11
2017/10/24,3926.23,3959.5,3922.03,3959.4,93058154,1.20E+11
2017/10/25,3958.17,3978.09,3954,3976.95,88205458,1.07E+11
2017/10/26,3980.05,4013.6,3973.55,3993.58,129895465,1.70E+11
2017/10/27,3992.55,4024.46,3991.35,4021.97,126672846,1.53E+11
2017/10/30,4022.16,4033.34,3960.27,4009.72,157387603,1.93E+11
2017/10/31,3995.39,4009.28,3983.26,4006.72,109178779,1.43E+11
2017/11/1,4007.91,4032.46,3991.32,3996.62,130417380,1.66E+11
2017/11/2,3994.09,3999.23,3971.38,3997.13,126100579,1.52E+11
2017/11/3,3992.35,3999.34,3963.03,3992.7,129404439,1.58E+11
2017/11/6,3989.18,4021.64,3975.41,4020.89,122081159,1.59E+11
2017/11/7,4022.4,4064.22,4021.36,4054.25,152116663,1.94E+11
2017/11/8,4051.49,4089.15,4040.58,4048.01,150827719,2.01E+11
2017/11/9,4043.07,4076.61,4038.4,4075.9,121056335,1.59E+11
2017/11/10,4070.28,4116.71,4067.66,4111.91,141817165,1.99E+11
2017/11/13,4115.55,4137.65,4115.55,4128.07,151446309,2.06E+11
2017/11/14,4129.27,4133.55,4086.89,4099.35,143236936,2.00E+11
2017/11/15,4084.21,4102.81,4055.72,4073.67,120635696,1.78E+11
2017/11/16,4063.49,4107.62,4062.27,4105.01,121384414,1.73E+11
2017/11/17,4094.08,4122.38,4081.37,4120.85,191784119,2.53E+11
2017/11/20,4093.73,4144.51,4060.96,4143.83,137447258,1.92E+11
2017/11/21,4131.85,4220.26,4129.98,4217.7,180350821,2.53E+11
2017/11/22,4228.37,4260.64,4191.15,4227.57,186477003,2.54E+11
2017/11/23,4213.38,4214.19,4086.9,4102.4,178147228,2.38E+11
2017/11/24,4089.47,4116.59,4057.49,4104.2,130858040,1.83E+11
2017/11/27,4088.93,4088.93,4037.15,4049.95,143455268,1.83E+11
2017/11/28,4034.21,4056.48,4010.3,4055.82,102058095,1.36E+11
2017/11/29,4061.35,4069.24,4004.69,4053.75,124553642,1.66E+11
2017/11/30,4034.01,4052.8,3988,4006.1,107983345,1.46E+11
2017/12/1,4003.56,4027.11,3984.38,3998.14,97386913,1.36E+11
2017/12/4,3989.05,4032.99,3982.32,4018.86,102647219,1.38E+11
2017/12/5,4007.94,4045.93,4006.54,4040.17,154087076,1.96E+11
2017/12/6,4027.12,4031.75,3964.81,4015.82,109286205,1.44E+11
2017/12/7,4003.58,4017.95,3955.99,3971.06,90254045,1.20E+11
2017/12/8,3962.83,4014.14,3955.44,4003.38,89282861,1.24E+11
2017/12/11,4006.88,4069.5,4005.27,4069.5,97148946,1.48E+11
2017/12/12,4068.51,4070.15,4015.45,4016.02,84338718,1.24E+11
2017/12/13,4013.83,4052.69,4004.74,4050.09,77546131,1.15E+11
2017/12/14,4050.9,4057.62,4013.85,4026.15,80768862,1.15E+11
2017/12/15,4018.73,4020.27,3974.93,3980.86,89044389,1.18E+11
2017/12/18,3983.3,4008.07,3967.93,3985.29,77853375,1.12E+11
2017/12/19,3985.82,4035.63,3985.82,4035.33,77528985,1.16E+11
2017/12/20,4036.02,4044.85,4015.63,4030.49,90604503,1.27E+11
2017/12/21,4023.08,4080.78,4014.65,4067.85,96836089,1.38E+11
2017/12/22,4064.91,4076.8,4048.49,4054.6,73473684,1.04E+11
2017/12/25,4057.42,4086.93,4026.45,4041.54,91926962,1.30E+11
2017/12/26,4040.62,4056.86,4015.3,4053.62,91118790,1.20E+11
2017/12/27,4045.28,4047.74,3986.74,3991.21,105153577,1.41E+11
2017/12/28,3993,4036.7,3980.24,4018.9,118542886,1.54E+11
2017/12/29,4022.88,4043.14,4012.88,4030.86,90486683,1.21E+11
2018/1/2,4045.21,4087.78,4045.21,4087.4,146935435,1.78E+11
2018/1/3,4091.46,4140.05,4088.73,4111.39,151852218,2.06E+11
2018/1/4,4114.12,4137.64,4105.89,4128.81,134543794,1.75E+11
2018/1/5,4133.34,4151.28,4123.28,4138.75,149009872,1.85E+11
2018/1/8,4140.85,4166.32,4127.31,4160.16,173877666,2.26E+11
2018/1/9,4157.54,4191.28,4153.5,4189.3,139034294,1.82E+11
2018/1/10,4187.2,4211.05,4175.14,4207.81,151121666,1.95E+11
2018/1/11,4197.11,4211.8,4181.96,4205.59,121578539,1.70E+11
2018/1/12,4205.14,4227.39,4199.03,4225,111354794,1.58E+11
2018/1/15,4229.84,4262.93,4216.36,4225.24,170907897,2.35E+11
2018/1/16,4215.62,4260.21,4213.13,4258.47,161494963,2.28E+11
2018/1/17,4261.78,4283.34,4230.54,4248.12,214311032,2.85E+11
2018/1/18,4259.38,4292.64,4246.68,4271.42,172032846,2.25E+11
2018/1/19,4281.94,4316.57,4269.62,4285.4,209490570,2.59E+11
2018/1/22,4276.48,4338.48,4275.9,4336.6,174643195,2.34E+11
2018/1/23,4346.89,4383.57,4346.79,4382.61,201867585,2.57E+11
2018/1/24,4389.45,4397.82,4349.09,4389.89,219818889,2.84E+11
2018/1/25,4381.98,4392.2,4336.24,4365.08,195374950,2.50E+11
2018/1/26,4352.22,4403.34,4351.49,4381.3,177227237,2.23E+11
2018/1/29,4387.06,4395.91,4287.11,4302.02,191100354,2.56E+11
2018/1/30,4286.68,4308.51,4251.57,4256.1,139034730,1.87E+11
2018/1/31,4234.11,4287.86,4232.77,4275.9,145210164,1.94E+11
2018/2/1,4276.34,4287.39,4214.29,4245.9,190002934,2.39E+11
2018/2/2,4213.94,4271.76,4181.78,4271.23,146066827,1.91E+11
2018/2/5,4204.46,4274.15,4200.14,4274.15,161347799,2.17E+11
2018/2/6,4182.33,4211.52,4131.56,4148.89,214910450,2.79E+11
2018/2/7,4205.74,4212.57,4048.42,4050.5,203127493,2.62E+11
2018/2/8,4022.88,4071.67,3974.68,4012.05,159269985,1.99E+11
2018/2/9,3896.17,3911.29,3759.15,3840.65,206349828,2.47E+11
2018/2/12,3846.27,3907.84,3828.07,3890.1,116182637,1.50E+11
2018/2/13,3925.6,3986.98,3925.6,3935.63,112565885,1.44E+11
2018/2/14,3945.09,3971.4,3923.13,3966.96,71081338,93110198272
2018/2/22,4020.97,4058.79,4009.92,4052.73,105811571,1.38E+11
2018/2/23,4061.75,4085.2,4035.23,4071.09,99458746,1.28E+11
2018/2/26,4093.4,4128.74,4048.98,4118.42,137881001,1.79E+11
2018/2/27,4120.87,4120.87,4051.81,4058.98,125934470,1.70E+11
2018/2/28,4016.79,4051.71,3991.71,4023.64,109343593,1.52E+11
2018/3/1,3994.87,4061.03,3986.89,4049.09,110199852,1.46E+11
2018/3/2,4014.95,4044.42,4006.94,4016.46,96165000,1.31E+11
2018/3/5,4021.66,4042.83,3995.87,4018.1,87952548,1.18E+11
2018/3/6,4034.99,4067.55,3998.93,4066.56,138762444,1.71E+11
2018/3/7,4063.5,4089.7,4027.94,4036.65,106952426,1.37E+11
2018/3/8,4038.95,4078.23,4029.71,4077.6,91155810,1.24E+11
2018/3/9,4088.07,4110.67,4076.45,4108.87,113701808,1.50E+11
2018/3/12,4130.71,4139.53,4112.77,4127.67,140906739,1.90E+11
2018/3/13,4124.33,4130.28,4087.56,4091.25,111766430,1.41E+11
2018/3/14,4076.06,4089.09,4066.49,4073.34,99013409,1.32E+11
2018/3/15,4058.71,4098.99,4058.71,4096.16,88161156,1.27E+11
2018/3/16,4096.89,4110.05,4055.82,4056.42,84896188,1.22E+11
2018/3/19,4054.62,4074.52,4033.52,4074.25,81502882,1.18E+11
2018/3/20,4045.74,4080.19,4040.31,4077.7,80605280,1.12E+11
2018/3/21,4097.02,4110.12,4046.24,4061.05,97609488,1.39E+11
2018/3/22,4062.07,4072.38,4003.72,4020.35,89095259,1.28E+11
2018/3/23,3896.74,3928.51,3834.94,3904.94,180080449,2.19E+11
2018/3/26,3862.69,3883.9,3829.92,3879.89,115139128,1.57E+11
2018/3/27,3927.49,3936.78,3881.87,3913.27,113700711,1.62E+11
2018/3/28,3865.05,3907.28,3835.88,3842.72,101494908,1.56E+11
2018/3/29,3854.59,3913.96,3794.26,3894.05,116629066,1.65E+11
2018/3/30,3893.75,3915.35,3879.21,3898.5,97512270,1.38E+11
2018/4/2,3897.01,3937.02,3882.89,3886.92,111242666,1.59E+11
2018/4/3,3850.15,3878.15,3839.93,3862.48,95137369,1.32E+11
2018/4/4,3873.63,3898.61,3852.5,3854.86,88730609,1.32E+11
2018/4/9,3851.95,3870.67,3827.41,3852.93,84105462,1.18E+11
2018/4/10,3860.72,3927.42,3851.8,3927.17,106173722,1.38E+11
2018/4/11,3934.17,3958.71,3924.96,3938.34,111933021,1.40E+11
2018/4/12,3935.67,3937.78,3896.18,3898.64,82699490,1.08E+11
2018/4/13,3920.74,3929.95,3866.19,3871.14,71544203,98921824256
2018/4/16,3862.47,3869.16,3789.61,3808.86,99217770,1.32E+11
2018/4/17,3812.87,3822.63,3745.44,3748.64,90610790,1.27E+11
2018/4/18,3785.31,3789.66,3708.11,3766.28,106676706,1.43E+11
2018/4/19,3774.78,3824.03,3767.8,3811.84,99054060,1.28E+11
2018/4/20,3801.21,3815.44,3750.1,3760.85,99282925,1.24E+11
2018/4/23,3754.69,3787.4,3735.18,3766.33,90356291,1.12E+11
2018/4/24,3769.88,3854.43,3769.88,3843.49,114219525,1.46E+11
2018/4/25,3824.59,3838.69,3817.03,3828.7,78172612,1.06E+11
2018/4/26,3823.39,3828.71,3744.89,3755.49,87150641,1.26E+11
2018/4/27,3771.04,3776.98,3714.64,3756.88,89531726,1.42E+11
2018/5/2,3769.93,3787.3,3744.55,3763.65,83301035,1.20E+11
2018/5/3,3756.17,3797.53,3732.37,3793,93961118,1.23E+11
2018/5/4,3784.32,3801.52,3770.94,3774.6,71554288,98315255808
2018/5/7,3782.54,3834.59,3776.03,3834.19,87286195,1.26E+11
2018/5/8,3834.61,3892.07,3833.73,3878.68,94215157,1.35E+11
2018/5/9,3876.13,3878.94,3855.74,3871.62,66712966,92322897920
2018/5/10,3882.84,3894.49,3867.31,3893.06,70667809,1.03E+11
2018/5/11,3902.15,3903.34,3871.95,3872.84,73356604,1.08E+11
2018/5/14,3886.87,3919.3,3886.87,3909.29,81975999,1.23E+11
2018/5/15,3920.14,3924.34,3892.92,3924.1,76049555,1.06E+11
2018/5/16,3909.82,3923.34,3889.19,3892.84,71913646,1.07E+11
2018/5/17,3895.49,3899.51,3858.85,3864.05,59030123,87104167936
2018/5/18,3860.16,3903.06,3841.9,3903.06,72613956,96823853056
2018/5/21,3925.54,3937.46,3913.6,3921.24,92641737,1.21E+11
2018/5/22,3918.82,3918.82,3881.17,3906.21,75368778,1.03E+11
2018/5/23,3898.27,3898.27,3854.58,3854.58,83722319,1.11E+11
2018/5/24,3853.29,3859.1,3823.92,3827.22,68345022,93408223232
2018/5/25,3823.75,3841.12,3804.14,3816.5,70836386,95667544064
2018/5/28,3816.27,3846.55,3799.32,3833.26,71521132,1.00E+11
2018/5/29,3824.19,3841.78,3800.67,3804.01,81552662,1.17E+11
2018/5/30,3755.18,3767.89,3722.07,3723.37,87913285,1.16E+11
2018/5/31,3749.3,3804.79,3742.53,3802.38,92666894,1.31E+11
2018/6/1,3789.67,3802.54,3753.84,3770.59,77821813,1.06E+11
2018/6/4,3785.19,3813.41,3776.62,3807.58,76624341,1.15E+11
2018/6/5,3811.29,3845.56,3800.93,3845.32,78687360,1.21E+11
2018/6/6,3839.68,3848.33,3830.9,3837.35,73117237,1.07E+11
2018/6/7,3846.94,3859.85,3827.69,3831.01,80256147,1.12E+11
2018/6/8,3819.45,3819.46,3759.27,3779.62,83337335,1.08E+11
2018/6/11,3770.21,3792.55,3756.52,3779.98,68709834,1.06E+11
2018/6/12,3783.19,3830.47,3765.26,3825.95,73206244,1.16E+11
2018/6/13,3814.62,3817.45,3782.07,3788.34,66377970,97185497088
2018/6/14,3774.64,3808.16,3759.25,3773.37,68471322,99234013184
2018/6/15,3763.04,3780.34,3737.43,3753.43,85488893,1.10E+11
2018/6/19,3702.67,3712.82,3583.02,3621.12,160706542,1.94E+11
2018/6/20,3602.55,3649.34,3578.17,3635.44,86718098,1.13E+11
2018/6/21,3633.56,3673.56,3589.49,3592.97,93908552,1.16E+11
2018/6/22,3567.89,3609.08,3542.46,3608.9,75117864,89687285760
2018/6/25,3625.8,3631.03,3559.03,3560.48,79877078,1.07E+11
2018/6/26,3521.59,3541.78,3478.21,3531.11,84985269,1.08E+11
2018/6/27,3525.13,3537.66,3441.79,3459.26,81491817,1.08E+11
2018/6/28,3434.94,3477.06,3416.95,3423.53,75918051,98570526720
2018/6/29,3431.96,3512.38,3425.22,3510.98,77257031,97616363520
2018/7/2,3504.46,3506.9,3383.5,3407.96,84351449,1.08E+11
2018/7/3,3410.48,3422.04,3319.29,3409.28,95278693,1.30E+11
2018/7/4,3398.78,3418.33,3359.09,3363.75,75157997,93648560128
2018/7/5,3365.55,3398.49,3330.71,3342.44,81587981,97544617984
2018/7/6,3347.06,3396.25,3295.73,3365.12,86097579,1.09E+11
2018/7/9,3378.91,3459.32,3378.91,3459.18,76601545,1.01E+11
2018/7/10,3464.91,3474.14,3437.27,3467.52,69548823,90127441920
2018/7/11,3398.93,3427.57,3375.14,3407.53,72040950,89661505536
2018/7/12,3403.33,3499.1,3403.33,3481.06,96353564,1.18E+11
2018/7/13,3488.5,3499.76,3474.91,3492.69,72955897,99800186880
2018/7/16,3488.97,3506.24,3459.73,3472.09,68281999,90754285568
2018/7/17,3466.42,3467.19,3420.97,3449.38,61983076,85720563712
2018/7/18,3456.61,3479.26,3430.16,3431.32,66530330,88556871680
2018/7/19,3444.8,3466.51,3417.96,3428.34,68477716,88804909056
2018/7/20,3426.46,3505.93,3398.95,3492.89,101984727,1.22E+11
2018/7/23,3471.86,3527.53,3464.65,3525.75,119036627,1.44E+11
2018/7/24,3530.66,3596.51,3530.66,3581.71,156912435,1.77E+11
2018/7/25,3589.51,3589.98,3566.31,3577.75,96758501,1.12E+11
2018/7/26,3583.32,3593.92,3528.64,3536.25,90349641,1.06E+11
2018/7/27,3533.77,3545.41,3512.7,3521.23,70178104,81192173568
2018/7/30,3520.85,3550.9,3489.55,3515.08,82116995,96183099392
2018/7/31,3510.47,3528.15,3493.15,3517.66,67980817,80022151168
2018/8/1,3530.03,3543.61,3446.78,3447.39,90348617,1.07E+11
2018/8/2,3434.35,3434.35,3322.1,3370.96,101308727,1.22E+11
2018/8/3,3366.66,3381.34,3315.2,3315.28,70796910,91395989504
2018/8/6,3312.82,3344.25,3257.69,3273.27,77975083,97517993984
2018/8/7,3284.98,3368.96,3263.5,3368.87,91783916,1.08E+11
2018/8/8,3362.15,3368.16,3311.77,3314.51,79284865,90958913536
2018/8/9,3303.48,3408.39,3299.62,3397.53,91957572,1.09E+11
2018/8/10,3398.41,3424.04,3380.57,3405.02,68967299,85634523136
2018/8/13,3369.98,3396.19,3336.7,3390.34,76191532,90869293056
2018/8/14,3386.48,3391.73,3356.61,3372.91,60651446,72121991168
2018/8/15,3371.96,3372.14,3288.71,3291.98,68174055,83402194944
2018/8/16,3251.86,3315.2,3231.56,3276.73,76547366,89269174272
2018/8/17,3305.9,3311.57,3224.1,3229.62,67395413,84452450304
2018/8/20,3238.22,3267.25,3209.01,3267.25,70904228,88963383296
2018/8/21,3271.84,3331.71,3270.03,3326.65,75205583,97925840896
2018/8/22,3328.97,3328.97,3299.39,3307.95,50787057,66548535296
2018/8/23,3308.46,3336.11,3285.81,3320.03,61112334,80212787200
2018/8/24,3308.48,3353.04,3291.87,3325.33,63765897,77197844480
2018/8/27,3339.39,3406.57,3339.26,3406.57,94270082,1.15E+11
2018/8/28,3408.15,3416.59,3388.81,3400.17,75445363,94945951744
2018/8/29,3393.05,3398.71,3377.12,3386.57,67020404,79072296960
2018/8/30,3385.81,3402.56,3349.47,3351.09,68385290,80226050048
2018/8/31,3333.38,3356.58,3310.87,3334.5,76205630,96091889664
2018/9/3,3320.69,3325.61,3291.78,3321.82,66429855,81305681920
2018/9/4,3324.19,3370.96,3307.96,3363.9,67088807,85892038656
2018/9/5,3349.7,3354.2,3298.14,3298.14,64301888,80656678912
2018/9/6,3286.66,3311.5,3253.76,3262.88,62300288,79373139968
2018/9/7,3273.89,3316.62,3253.73,3277.64,63947408,81263443968
2018/9/10,3271.38,3277.88,3227.85,3230.07,63817051,76175581184
2018/9/11,3229.71,3245.62,3209.11,3224.21,58491305,67722117120
2018/9/12,3216.99,3225.6,3194.98,3202.03,54627899,68887019520
2018/9/13,3239.69,3249.59,3191.4,3236.57,67290327,85887959040
2018/9/14,3242.83,3254.1,3227.94,3242.09,60130640,76481208320
2018/9/17,3224.93,3230.79,3200.51,3204.92,52259547,60650942464
2018/9/18,3193.64,3270.11,3193.64,3269.43,70425035,83899138048
2018/9/19,3262,3335.99,3258.31,3312.48,89170666,1.09E+11
2018/9/20,3314.88,3332.31,3303.07,3310.13,64561057,76660842496
2018/9/21,3320.7,3410.49,3307.77,3410.49,108416005,1.24E+11
2018/9/25,3375.97,3394.38,3367.03,3379.8,69054693,82870026240
2018/9/26,3388.56,3448.26,3383.24,3417.24,93173343,1.19E+11
2018/9/27,3415.95,3423.71,3394.73,3403.59,69765241,87573299200
2018/9/28,3409.96,3444.99,3404.7,3438.87,84377756,94880276480
2018/10/8,3361.56,3364.46,3285.25,3290.9,97888989,1.14E+11
2018/10/9,3290.17,3309.8,3276.13,3288.69,66723274,78372937728
2018/10/10,3295.43,3315.73,3256.58,3281.6,64492828,79166808064
2018/10/11,3179.54,3209.52,3099.04,3124.11,120941342,1.26E+11
2018/10/12,3123.37,3184.12,3094.97,3170.73,98611151,1.04E+11
2018/10/15,3173.85,3183.13,3120.23,3126.45,69605023,77137698816
2018/10/16,3128.58,3166.09,3089.37,3100.97,68887721,75206467584
2018/10/17,3140.68,3149.13,3062.55,3118.25,76837138,86132695040
2018/10/18,3097.79,3097.79,3043.38,3044.39,73771968,79703728128
2018/10/19,3017.75,3137.75,3009.5,3134.95,98839688,1.11E+11
2018/10/22,3159.56,3297.38,3159.56,3270.27,145862045,1.71E+11
2018/10/23,3273.13,3276.02,3163.57,3183.43,121013241,1.43E+11
2018/10/24,3169.46,3245.4,3164.29,3188.2,110909744,1.21E+11
2018/10/25,3107.84,3197.32,3099.89,3194.31,106951817,1.13E+11
2018/10/26,3204.28,3218.1,3151.92,3173.64,101299354,1.06E+11
2018/10/29,3157.49,3158.81,3062.58,3076.89,91839789,1.08E+11
2018/10/30,3061.93,3146.63,3050.77,3110.26,116070101,1.32E+11
2018/10/31,3116.66,3168.92,3106.03,3153.82,111207455,1.17E+11
2018/11/1,3185.2,3217.8,3173.1,3177.03,132653379,1.46E+11
2018/11/2,3258.61,3290.25,3222.44,3290.25,153466104,1.78E+11
2018/11/5,3269.47,3279.88,3230.36,3262.84,109706683,1.24E+11
2018/11/6,3254.98,3254.98,3213.9,3243.15,83869138,91703894016
2018/11/7,3243.88,3270.5,3218.42,3221.91,91615528,1.02E+11
2018/11/8,3251.73,3253.57,3207.71,3212.77,76414540,85221662720
2018/11/9,3193.3,3193.3,3166.31,3167.44,84282762,88194195456
2018/11/12,3160.25,3206.51,3152.44,3205.14,88062391,97363050496
2018/11/13,3164.92,3254.77,3161.1,3237.38,126493464,1.26E+11
2018/11/14,3233.64,3239.25,3200.23,3204.94,113808659,1.05E+11
2018/11/15,3201.28,3242.38,3198.78,3242.37,98558810,1.00E+11
2018/11/16,3242.88,3282.39,3223.72,3257.67,126876835,1.35E+11
2018/11/19,3258.79,3294.6,3251.07,3294.6,115956595,1.23E+11
2018/11/20,3268.08,3278.78,3213.68,3218.41,109361154,1.14E+11
2018/11/21,3187.1,3230.26,3185.24,3226.49,84119726,87813275648
2018/11/22,3232.97,3235.45,3199.7,3214.43,65098291,70083371008
2018/11/23,3208.59,3212.2,3139.39,3143.48,84638255,86864945152
2018/11/26,3148.67,3169.44,3131.64,3141.24,59379140,61899481088
2018/11/27,3152.77,3162.01,3126.29,3137.24,55407832,61946261504
2018/11/28,3137.75,3179.41,3126.62,3178.93,74881955,77620551680
2018/11/29,3198.83,3204.86,3137.65,3137.65,80498466,86927613952
2018/11/30,3136.2,3175.15,3132.42,3172.69,70921044,77297696768
2018/12/3,3260.69,3273.64,3228.36,3260.95,121487157,1.46E+11
2018/12/4,3256.23,3267.94,3243.7,3267.71,79415039,90543603712
2018/12/5,3224.26,3266.9,3219.98,3252,76153052,90909089792
2018/12/6,3218.11,3223.52,3179.89,3181.67,76328771,95678881792
2018/12/7,3187.49,3193.82,3176.71,3181.56,53361924,66323972096
2018/12/10,3153.52,3170.15,3134.38,3144.76,63437273,73717202944
2018/12/11,3148.23,3161.96,3143.61,3159.82,53223877,60014968832
2018/12/12,3181.57,3182.21,3160.28,3170.61,53309914,60536221696
2018/12/13,3178.89,3234.08,3169.42,3219.69,90442755,1.03E+11
2018/12/14,3207.35,3210.72,3165.91,3165.91,84301250,91576901632
2018/12/17,3158.28,3167.51,3134.37,3161.2,66497007,77151494144
2018/12/18,3139.95,3165,3114.47,3128.43,63820319,72035450880
2018/12/19,3133.74,3137.01,3086.76,3091.13,55522299,67872923648
2018/12/20,3083.54,3097.72,3044.29,3067.42,69749463,78181425152
2018/12/21,3055.33,3057.4,3007.61,3029.4,76758101,84824064000
2018/12/24,3015.5,3040.35,3007.33,3038.2,57299615,63880740864
2018/12/25,3006.88,3030.14,2964.88,3017.28,78689425,80413564928
2018/12/26,3012.87,3029.06,2996.48,3002.03,55647032,58574970880
2018/12/27,3042.95,3047.24,2990.51,2990.51,80541785,81159266304
2018/12/28,2994.8,3024.35,2984.82,3010.65,71053779,78145306624
2019/1/2,3017.07,3018.78,2958.49,2969.54,68663021,76105572352
2019/1/3,2963.02,3000.44,2953.26,2964.84,70867103,76664799232
2019/1/4,2940.19,3036.81,2935.83,3035.87,103318972,1.07E+11
2019/1/7,3055.15,3061.75,3035.91,3054.3,101164359,1.06E+11
2019/1/8,3049.87,3055.51,3038.53,3047.7,86170585,79628886016
2019/1/9,3065.23,3117.96,3062.85,3078.48,107364350,1.17E+11
2019/1/10,3077.48,3092.54,3062.57,3072.69,85271756,90206871552
2019/1/11,3082.26,3102.83,3071.03,3094.78,71786424,77420240896
2019/1/14,3092.5,3097.41,3064.38,3067.78,66121702,68115968000
2019/1/15,3071.52,3129.37,3064.67,3127.99,88772962,99976888320
2019/1/16,3126.13,3135.01,3117.29,3128.65,80214341,85781594112
2019/1/17,3132.63,3141.71,3110.06,3111.42,80174871,82888204288
2019/1/18,3124.5,3171.69,3120.35,3168.17,103963834,1.07E+11
2019/1/21,3170.88,3199.21,3170.88,3185.64,93915022,1.06E+11
2019/1/22,3181.95,3181.95,3135.34,3143.32,72990528,78150877184
2019/1/23,3136.1,3157.63,3131.87,3141.05,59870478,62669651968
2019/1/24,3146.6,3165.63,3125.3,3158.78,72934636,80963878912
2019/1/25,3165.18,3203.17,3164.41,3184.47,83967729,93207953408
2019/1/28,3203.12,3228.87,3174.72,3183.78,82622431,97371496448
2019/1/29,3177.26,3200.99,3148.23,3193.97,77658334,85943910400
2019/1/30,3181.66,3202.9,3167.89,3168.48,63746517,73005121536
2019/1/31,3182.7,3216.07,3178.01,3201.63,86247839,97509924864
2019/2/1,3225.73,3247.5,3207.72,3247.4,82019641,94766415872
2019/2/11,3239.81,3307.06,3239.81,3306.47,98818434,1.15E+11
2019/2/12,3306.35,3335.36,3298.63,3330.34,122232462,1.23E+11
2019/2/13,3337.78,3405.58,3329.14,3397.03,163828332,1.69E+11
2019/2/14,3392.85,3415.4,3381.98,3402.14,151127290,1.39E+11
2019/2/15,3391.24,3395.03,3335.87,3338.7,143668603,1.42E+11
2019/2/18,3366.42,3445.75,3366.42,3445.75,182886089,1.80E+11
2019/2/19,3454.72,3480.79,3419.07,3439.61,179083785,1.86E+11
2019/2/20,3449.93,3463.77,3421.51,3451.93,147390311,1.46E+11
2019/2/21,3450.14,3500.25,3431.63,3442.71,180143287,1.85E+11
2019/2/22,3439.38,3520.12,3417.98,3520.12,187237974,2.03E+11
2019/2/25,3575.85,3729.48,3574.69,3729.48,342557122,3.76E+11
2019/2/26,3734.71,3762.11,3679.27,3684.69,358038698,3.88E+11
2019/2/27,3682.81,3737.63,3638.33,3678.39,286236007,3.07E+11
2019/2/28,3675.26,3695.46,3650.05,3669.37,184810220,2.06E+11
2019/3/1,3699.22,3749.71,3668.77,3749.71,204711004,2.36E+11
2019/3/4,3783.04,3886.58,3764.78,3794.1,323490126,3.76E+11
2019/3/5,3785.38,3816.16,3770.79,3816.01,230853166,2.61E+11
2019/3/6,3822.86,3855.16,3787.52,3848.09,318077371,3.31E+11
2019/3/7,3841.15,3845.18,3778.8,3808.85,329846548,3.59E+11
2019/3/8,3721.4,3774.54,3656.19,3657.58,317990077,3.49E+11
2019/3/11,3663.98,3731.91,3650.81,3729.95,230912865,2.69E+11
2019/3/12,3758.32,3804.72,3723.68,3755.35,274926382,3.25E+11
2019/3/13,3758.71,3763.09,3708.81,3724.19,233682248,2.86E+11
2019/3/14,3710.29,3747.82,3673.85,3698.49,190817237,2.32E+11
2019/3/15,3713.94,3782.24,3713.94,3745.01,175174544,2.24E+11
2019/3/18,3753.64,3851.75,3733.68,3851.75,216928060,2.76E+11
2019/3/19,3856.59,3868.34,3815.22,3833.96,181727110,2.24E+11
2019/3/20,3825.34,3855.15,3790.51,3835.44,175632090,2.15E+11
2019/3/21,3840.28,3864.07,3823.47,3836.89,196310310,2.32E+11
2019/3/22,3838.13,3845.58,3786.59,3833.8,171356993,1.99E+11
2019/3/25,3776.44,3807.18,3741.61,3742.83,198586329,2.23E+11
2019/3/26,3766.53,3770.84,3687.55,3700.44,173046579,1.97E+11
2019/3/27,3724.41,3750.26,3703.45,3743.39,138758454,1.78E+11
2019/3/28,3731.06,3755.72,3710.08,3728.4,133272129,1.73E+11
2019/3/29,3739.77,3876.38,3739.77,3872.34,215639103,2.83E+11
2019/4/1,3901.17,3982.91,3901.17,3973.93,271382704,3.41E+11
2019/4/2,3986.34,3988.1,3956.51,3971.29,226000341,2.82E+11
2019/4/3,3947.87,4026.5,3939.78,4022.16,231917368,2.85E+11
2019/4/4,4039.74,4072.11,4021.71,4062.23,260410939,3.14E+11
2019/4/8,4097.1,4122.6,4017.49,4057.23,267505576,3.25E+11
2019/4/9,4063.81,4084.24,4038.28,4075.43,182956808,2.43E+11
2019/4/10,4062.44,4115.38,4035.47,4085.85,194687613,2.78E+11
2019/4/11,4083.46,4097.13,3990.24,3997.58,169049641,2.36E+11
2019/4/12,3986.78,4006.93,3961.46,3988.62,135862118,1.79E+11
2019/4/15,4056.49,4085.39,3974.23,3975.52,182645571,2.36E+11
2019/4/16,3958.1,4085.79,3943.49,4085.79,202041966,2.51E+11
2019/4/17,4080.72,4106.62,4057.5,4087.24,180367117,2.29E+11
2019/4/18,4085.11,4094.05,4056.24,4072.08,146562123,1.88E+11
2019/4/19,4076.3,4120.64,4046.2,4120.61,150794910,1.95E+11
2019/4/22,4125.97,4126.09,4015.48,4025.61,189353745,2.44E+11
2019/4/23,4021.63,4061.09,4005.28,4019.01,155611650,2.04E+11
2019/4/24,4033.63,4044.34,3967.81,4030.09,145498695,1.86E+11
2019/4/25,4013.6,4022.56,3938.33,3941.82,159722071,1.98E+11
2019/4/26,3921.89,3943.83,3887.25,3889.28,142008068,1.87E+11
2019/4/29,3896.58,3953.23,3875.45,3900.33,153870927,2.04E+11
2019/4/30,3887.18,3923.11,3885.15,3913.21,116233376,1.62E+11
2019/5/6,3775.08,3791.61,3647.14,3684.62,197472882,2.54E+11
2019/5/7,3702.27,3738.18,3671.83,3720.67,132847654,1.84E+11
2019/5/8,3648.55,3722.93,3642.5,3667.46,112867355,1.45E+11
2019/5/9,3637.35,3656.9,3584.82,3599.7,101037394,1.42E+11
2019/5/10,3643.06,3732.92,3589.29,3730.45,148003847,1.95E+11
2019/5/13,3675.76,3702.9,3658,3668.73,103391860,1.35E+11
2019/5/14,3630.44,3683.26,3630.44,3645.15,102313460,1.35E+11
2019/5/15,3674.99,3741.04,3674.99,3727.09,110161769,1.53E+11
2019/5/16,3720.04,3745.14,3707.9,3743.96,116258274,1.40E+11
2019/5/17,3744.88,3745.36,3637.58,3648.76,128453245,1.54E+11
2019/5/20,3635.74,3644.5,3583.83,3617.79,108963477,1.34E+11
2019/5/21,3619.44,3690.09,3610.68,3666.78,111022920,1.33E+11
2019/5/22,3663.15,3679.27,3634.75,3649.38,98346128,1.22E+11
2019/5/23,3629.53,3631.47,3578.11,3583.96,99897781,1.26E+11
2019/5/24,3584.9,3623.39,3580.79,3593.91,80934048,1.01E+11
2019/5/27,3592.6,3648.03,3556.26,3637.2,108830871,1.33E+11
2019/5/28,3633.02,3683.23,3627.79,3672.26,117886240,1.49E+11
2019/5/29,3642.54,3693.23,3637.35,3663.91,93355441,1.20E+11
2019/5/30,3648.85,3650.97,3612.62,3641.18,94202561,1.13E+11
2019/5/31,3641,3668.18,3627.55,3629.79,89222267,1.08E+11
2019/6/3,3640.61,3672.81,3613.13,3632.01,100723180,1.24E+11
2019/6/4,3632.56,3636.13,3584.46,3598.47,87097094,1.09E+11
2019/6/5,3627.79,3634.45,3593.95,3597.11,88642020,1.15E+11
2019/6/6,3601.04,3601.04,3557.02,3564.68,85534403,1.04E+11
2019/6/10,3578.01,3623.73,3568.28,3610.74,92375061,1.17E+11
2019/6/11,3617.52,3723.14,3617.52,3719.28,143482806,1.81E+11
2019/6/12,3706.86,3711.88,3683.94,3691.1,119178853,1.32E+11
2019/6/13,3689.58,3697.59,3654.27,3685.39,96331718,1.10E+11
2019/6/14,3690.48,3709.65,3650.91,3654.88,101817004,1.17E+11
2019/6/17,3654.44,3683.77,3645.5,3654.82,72976678,93092577280
2019/6/18,3661.13,3675.65,3638.78,3667.62,70692266,89472843776
2019/6/19,3761.34,3771.35,3715.13,3715.94,125595715,1.73E+11
2019/6/20,3718.94,3845.79,3717.19,3828.52,168872073,2.28E+11
2019/6/21,3832.73,3856.09,3817.31,3833.94,153635155,2.00E+11
2019/6/24,3836.31,3853.55,3819.77,3841.27,100084621,1.44E+11
2019/6/25,3837.43,3838.06,3755.01,3801.31,124075912,1.69E+11
2019/6/26,3779.51,3809.76,3771.72,3794.33,81820283,1.12E+11
2019/6/27,3807.54,3854.08,3805.83,3834.82,105316358,1.56E+11
2019/6/28,3832.06,3835.23,3803.05,3825.59,84766139,1.17E+11
2019/7/1,3899.33,3936.67,3886.91,3935.81,158370340,2.17E+11
2019/7/2,3931.05,3942.43,3918.94,3937.17,131863496,1.74E+11
2019/7/3,3927.44,3927.44,3878.84,3893.53,111992603,1.63E+11
2019/7/4,3895.2,3906.89,3854.69,3873.1,99342256,1.43E+11
2019/7/5,3875.37,3900.31,3857.93,3893.2,74006527,1.16E+11
2019/7/8,3875.75,3875.75,3775.03,3802.79,109539086,1.47E+11
2019/7/9,3798.1,3811.1,3774.76,3793.13,74842732,1.13E+11
2019/7/10,3807.95,3810.4,3774.23,3786.74,72833948,1.01E+11
2019/7/11,3806.19,3830.74,3774.41,3785.22,75311965,1.14E+11
2019/7/12,3783.07,3820.24,3774.52,3808.73,75465967,1.07E+11
2019/7/15,3792.64,3844.87,3745.86,3824.19,101205222,1.42E+11
2019/7/16,3819.25,3828.33,3799.87,3806.85,80730952,1.08E+11
2019/7/17,3800.11,3820.27,3787.9,3804.64,95183885,1.17E+11
2019/7/18,3793.19,3793.39,3768,3768.4,87496445,1.12E+11
2019/7/19,3787.51,3828.15,3787.51,3807.96,88086149,1.18E+11
2019/7/22,3813.5,3816.54,3765.44,3781.68,92101377,1.18E+11
2019/7/23,3783.54,3792.96,3768.76,3789.91,71313346,1.04E+11
2019/7/24,3803.59,3840.06,3803.57,3819.83,90940684,1.30E+11
2019/7/25,3821.39,3851.07,3812.95,3851.07,93740417,1.26E+11
2019/7/26,3835.23,3863.59,3832.52,3858.57,83259300,1.11E+11
2019/7/29,3857.94,3862.75,3842.43,3854.27,84814370,1.12E+11
2019/7/30,3861.57,3890.73,3861.57,3870.32,94123955,1.20E+11
2019/7/31,3856.75,3856.75,3830.09,3835.36,82151155,1.11E+11
2019/8/1,3819.32,3831.26,3791.55,3803.47,84114180,1.18E+11
2019/8/2,3729.13,3754.53,3720.06,3747.44,108335897,1.42E+11
2019/8/5,3724.41,3739.5,3675.69,3675.69,101325981,1.33E+11
2019/8/6,3609.11,3649.9,3575.86,3636.33,129833871,1.67E+11
2019/8/7,3654.63,3659.08,3621.43,3621.43,84238716,1.09E+11
2019/8/8,3651.36,3675.46,3646.94,3669.29,88457707,1.15E+11
2019/8/9,3686.75,3689.18,3628.12,3633.53,85295580,1.16E+11
2019/8/12,3647.87,3699.1,3643.32,3699.1,82083056,1.21E+11
2019/8/13,3675.59,3686.43,3658.01,3665.75,76500302,1.04E+11
2019/8/14,3712.07,3717.56,3680.61,3682.4,91202590,1.28E+11
2019/8/15,3618.01,3694.3,3612.11,3694,88598832,1.19E+11
2019/8/16,3697.94,3738.1,3687.08,3710.54,88319169,1.33E+11
2019/8/19,3736.03,3791.09,3720.69,3791.09,139327013,1.95E+11
2019/8/20,3786.03,3799.9,3778.73,3787.73,108602088,1.49E+11
2019/8/21,3778.31,3792.6,3775.45,3781.76,82299880,1.22E+11
2019/8/22,3793.86,3797.33,3771.2,3793.51,85807792,1.21E+11
2019/8/23,3796.88,3829.36,3788.03,3820.86,87954583,1.38E+11
2019/8/26,3756.36,3778.87,3753.16,3765.91,93859269,1.42E+11
2019/8/27,3791.46,3848.24,3790.87,3816.95,124731478,1.82E+11
2019/8/28,3818.81,3822.59,3790.14,3802.58,88750812,1.38E+11
2019/8/29,3805.49,3808.6,3774.4,3790.19,84083387,1.26E+11
2019/8/30,3816.68,3828.97,3778.92,3799.59,96695150,1.52E+11
2019/9/2,3803.69,3855.78,3799.82,3848.32,110289349,1.65E+11
2019/9/3,3852.58,3856.68,3833.76,3853.61,97714631,1.46E+11
2019/9/4,3848.65,3886,3846.42,3886,126628615,1.77E+11
2019/9/5,3909.21,3970,3909.21,3925.32,181656231,2.45E+11
2019/9/6,3946.69,3948.54,3922.34,3948.51,121882376,1.82E+11
2019/9/9,3980.96,3985.24,3954.88,3972.95,146809754,2.10E+11
2019/9/10,3976.87,3976.92,3938.74,3959.27,130889386,1.84E+11
2019/9/11,3969.68,3971.22,3922.95,3930.1,131594875,1.90E+11
2019/9/12,3944.69,3975.93,3933.44,3972.38,110241273,1.57E+11
2019/9/16,3981.36,3982.2,3943.37,3957.72,110259805,1.55E+11
2019/9/17,3947.16,3947.16,3879.49,3891.22,113694317,1.55E+11
2019/9/18,3902.99,3923.15,3902.51,3910.08,82056152,1.30E+11
2019/9/19,3923.96,3924.38,3897.07,3924.38,85984238,1.27E+11
2019/9/20,3933.46,3942.22,3921.41,3935.65,103455955,1.53E+11
2019/9/23,3925.19,3925.19,3868.21,3890.66,94036225,1.39E+11
2019/9/24,3895.87,3927.01,3886.14,3901.08,87783230,1.42E+11
2019/9/25,3887.55,3889.84,3867.23,3870.98,89520835,1.33E+11
2019/9/26,3884.7,3890.75,3840.25,3841.14,102698301,1.51E+11
2019/9/27,3843.46,3859.5,3832.25,3852.65,74003947,1.09E+11
2019/9/30,3842.07,3857.23,3813.55,3814.53,65931313,1.00E+11
2019/10/8,3818.59,3861.64,3818.59,3837.68,76657860,1.18E+11
2019/10/9,3822.61,3845.34,3805.07,3843.24,75854512,1.12E+11
2019/10/10,3838.49,3877.14,3829.43,3874.64,79222694,1.27E+11
2019/10/11,3885.52,3922.37,3868.84,3911.73,93412577,1.40E+11
2019/10/14,3944.86,3983.81,3934.73,3953.24,122393611,1.68E+11
2019/10/15,3953.16,3953.16,3928.15,3936.25,85273949,1.25E+11
2019/10/16,3939.28,3964.05,3919.02,3922.69,83229707,1.29E+11
2019/10/17,3929.39,3935.81,3913.92,3925.22,64863745,99991846912
2019/10/18,3935.42,3940.54,3864.97,3869.38,82321140,1.22E+11
2019/10/21,3865.34,3884.74,3856.04,3880.84,74182918,1.11E+11
2019/10/22,3896.32,3897.44,3870.55,3895.88,68918566,1.03E+11
2019/10/23,3892.68,3901.42,3862.2,3871.08,70198625,99733602304
2019/10/24,3877.92,3890.2,3852.58,3870.67,71334575,1.05E+11
2019/10/25,3871.77,3899.72,3849.03,3896.79,77453620,1.27E+11
2019/10/28,3904.98,3927.8,3897.82,3926.59,97406020,1.51E+11
2019/10/29,3929.71,3932.37,3910.23,3910.23,82257075,1.40E+11
2019/10/30,3904.72,3908.1,3883.45,3891.23,77872923,1.23E+11
2019/10/31,3906.86,3907.15,3878.88,3886.75,86714539,1.35E+11
2019/11/1,3883.81,3956.08,3876.42,3952.39,100689612,1.51E+11
2019/11/4,3964.01,3985.36,3964.01,3978.12,104193855,1.54E+11
2019/11/5,3982.12,4030.64,3970.87,4002.81,112911880,1.63E+11
2019/11/6,4006.33,4007.5,3973.78,3984.88,97312952,1.40E+11
2019/11/7,3984.55,4005.38,3975.55,3991.88,87254898,1.18E+11
2019/11/8,4017.67,4022.04,3971.57,3973.01,97106948,1.39E+11
2019/11/11,3948.62,3948.62,3897.55,3902.98,94155621,1.30E+11
2019/11/12,3905.96,3914.88,3877.74,3903.69,76543069,1.09E+11
2019/11/13,3905.28,3908.42,3882.43,3899.98,76749078,1.12E+11
2019/11/14,3905.93,3916.95,3895.14,3905.86,87008446,1.20E+11
2019/11/15,3908.49,3915.11,3877.09,3877.09,83730917,1.15E+11
2019/11/18,3874.44,3913.1,3868.32,3907.93,76645993,1.07E+11
2019/11/19,3904.1,3947.04,3902.38,3947.04,82161025,1.23E+11
2019/11/20,3940.13,3943.23,3901.99,3907.86,76815333,1.18E+11
2019/11/21,3894.54,3901.83,3875.97,3889.6,69130538,1.04E+11
2019/11/22,3894.17,3918.84,3833.5,3850,91042639,1.47E+11
2019/11/25,3850.97,3878.25,3839.42,3878.21,106066289,1.41E+11
2019/11/26,3893.43,3899.11,3869.59,3891.65,111513537,1.40E+11
2019/11/27,3883.43,3889.98,3862.7,3875.62,76437305,1.07E+11
2019/11/28,3877.9,3887.69,3852.01,3862.3,65230119,87081787392
2019/11/29,3857.19,3861.66,3804.83,3828.67,74144331,1.16E+11
2019/12/2,3835.51,3854.75,3829.31,3836.06,77412173,1.10E+11
2019/12/3,3829.21,3851.12,3811.63,3851.09,73611240,1.09E+11
2019/12/4,3841.66,3852.99,3831.07,3849.82,79683385,1.10E+11
2019/12/5,3863.61,3883.4,3859.82,3879.36,89051193,1.29E+11
2019/12/6,3885.06,3902.39,3878.7,3902.39,78648887,1.16E+11
2019/12/9,3909.53,3911.97,3885.25,3895.45,95353806,1.31E+11
2019/12/10,3886.44,3900.96,3882.09,3900.38,86262928,1.21E+11
2019/12/11,3907.16,3909.39,3890.34,3902.75,99765480,1.28E+11
2019/12/12,3908.45,3908.45,3886.12,3891.02,84708330,1.18E+11
2019/12/13,3928,3969.46,3925.28,3968.22,148571349,2.01E+11
2019/12/16,3970.71,3987.59,3953.51,3987.55,148486670,2.02E+11
2019/12/17,3987.74,4067.14,3984.52,4041.8,201162937,2.52E+11
2019/12/18,4039.72,4057.64,4025.34,4032.78,151351764,1.98E+11
2019/12/19,4034.62,4038.54,4014.9,4027.15,117900558,1.53E+11
2019/12/20,4032.15,4046.73,4014.93,4017.25,121267662,1.58E+11
2019/12/23,4014.69,4032.17,3964.38,3967.1,122816246,1.62E+11
2019/12/24,3971.56,3994.51,3963.67,3992.96,95989045,1.22E+11
2019/12/25,3988.66,4000.56,3976.36,3990.87,94938890,1.32E+11
2019/12/26,3993.67,4025.99,3993.54,4025.99,108860640,1.41E+11
2019/12/27,4029.25,4066.8,4019.72,4022.03,150926411,1.95E+11
2019/12/30,4015.52,4083.69,4001.5,4081.63,155971488,2.17E+11
2019/12/31,4077.75,4098.14,4069.01,4096.58,123264258,1.73E+11
2020/1/2,4121.35,4172.66,4121.35,4152.24,182116772,2.70E+11
2020/1/3,4161.22,4164.3,4131.86,4144.97,142826244,2.15E+11
2020/1/6,4120.52,4170.64,4102.38,4129.3,175309953,2.50E+11
2020/1/7,4137.4,4161.25,4135.1,4160.23,139489031,1.96E+11
2020/1/8,4139.63,4149.81,4101.98,4112.32,167585850,2.12E+11
2020/1/9,4145.53,4165.66,4143.59,4164.37,136886324,2.00E+11
2020/1/10,4177.58,4180.98,4148.48,4163.19,113031719,1.78E+11
2020/1/13,4166.93,4203.99,4148.6,4203.99,119691982,2.00E+11
2020/1/14,4215.16,4223.51,4188.08,4189.89,129320783,1.96E+11
2020/1/15,4186.88,4193.87,4150.88,4166.73,104633136,1.63E+11
2020/1/16,4174.82,4175.29,4142.18,4149.04,100267642,1.56E+11
2020/1/17,4162.19,4177.03,4141.65,4154.85,98725682,1.67E+11
2020/1/20,4170.74,4185.96,4149.49,4185.83,122409147,2.03E+11
2020/1/21,4165.02,4165.02,4113.33,4114.31,130527507,2.05E+11
2020/1/22,4093.8,4141.18,4046.49,4131.93,126758763,2.08E+11
2020/1/23,4093.32,4103.52,3972.39,4003.9,160357603,2.50E+11
2020/2/3,3639.91,3732.16,3639.91,3688.36,157559647,2.43E+11
2020/2/4,3652,3786.86,3652,3785.64,213933328,2.98E+11
2020/2/5,3801.1,3866.01,3781.61,3828.53,174925524,2.64E+11
2020/2/6,3841.75,3914.92,3806.96,3899.78,176462235,2.63E+11
2020/2/7,3879.55,3899.88,3849.71,3899.87,151731759,2.38E+11
2020/2/10,3872.37,3920.17,3861.01,3916.01,148406969,2.30E+11
2020/2/11,3926.42,3970.52,3915.71,3952.46,143441674,2.19E+11
2020/2/12,3945.67,3984.43,3940.67,3984.43,126710321,2.01E+11
2020/2/13,3985.88,3999.55,3950.14,3959.92,145001843,2.29E+11
2020/2/14,3954.23,4001.56,3954.02,3987.73,143239803,2.23E+11
2020/2/17,3999.65,4077.45,3999.65,4077.42,182778969,2.73E+11
2020/2/18,4069.83,4076.39,4027.79,4057.51,163236220,2.43E+11
2020/2/19,4049.59,4085.17,4042.85,4051.31,169046441,2.58E+11
2020/2/20,4062.9,4148.53,4055.81,4144.66,212232624,3.11E+11
2020/2/21,4134.87,4184.44,4130.17,4149.49,217213604,3.27E+11
2020/2/24,4131.84,4149.01,4097.18,4132.84,212869303,3.26E+11
2020/2/25,4066.3,4126.71,4020.91,4123.85,244167831,3.72E+11
2020/2/26,4070.1,4132.78,4061.13,4073.02,261094061,3.66E+11
2020/2/27,4084.08,4110.53,4067.44,4084.88,181290981,2.82E+11
2020/2/28,3988.73,4031.15,3928.07,3940.05,230275093,3.30E+11
2020/3/2,3968.84,4092.54,3968.84,4069.67,219313559,3.17E+11
2020/3/3,4125.14,4147.65,4067.91,4091.36,219369777,3.31E+11
2020/3/4,4078.5,4115.26,4060.73,4115.05,182424730,2.82E+11
2020/3/5,4150.21,4215.85,4127.04,4206.73,231823115,3.63E+11
2020/3/6,4158.2,4181.31,4135.39,4138.51,172475717,2.53E+11
2020/3/9,4063.08,4063.08,3995.13,3997.13,208102035,3.05E+11
2020/3/10,3975.23,4093,3954.75,4082.73,197416402,2.96E+11
2020/3/11,4090.93,4091.27,4028.4,4028.43,161656111,2.45E+11
2020/3/12,3976.11,3987.43,3926.27,3950.91,157060458,2.33E+11
2020/3/13,3771.01,3937.18,3765.15,3895.31,188296722,2.80E+11
2020/3/16,3899.86,3899.86,3720.51,3727.84,185968260,2.83E+11
2020/3/17,3739.78,3786.89,3618.31,3709.68,166246129,2.51E+11
2020/3/18,3729.69,3775.85,3636.26,3636.26,155037547,2.44E+11
2020/3/19,3623.79,3647.99,3503.19,3589.09,180807407,2.72E+11
2020/3/20,3629.51,3663.95,3588.78,3653.22,139603000,2.11E+11
2020/3/23,3542.68,3585.8,3523.79,3530.31,137108790,1.98E+11
2020/3/24,3598.65,3627.76,3545.45,3625.11,143103021,2.09E+11
2020/3/25,3711.48,3732.65,3685.99,3722.52,153495958,2.32E+11
2020/3/26,3692.61,3736.25,3681.27,3698.05,112310665,1.69E+11
2020/3/27,3746.39,3758.78,3709.92,3710.06,124060995,1.86E+11
2020/3/30,3657.46,3690.64,3637.59,3674.11,126876673,1.81E+11
2020/3/31,3708.14,3716.07,3676.2,3686.16,111453025,1.62E+11
2020/4/1,3682.3,3731.78,3670.97,3675.08,119352620,1.70E+11
2020/4/2,3656.32,3734.53,3652.32,3734.53,115168209,1.69E+11
2020/4/3,3721.48,3738.83,3698.98,3713.22,99825083,1.50E+11
2020/4/7,3779.91,3803.63,3772.21,3798.02,142778030,2.08E+11
2020/4/8,3776.42,3793,3767.29,3780.34,111389513,1.62E+11
2020/4/9,3798.49,3801.72,3785.31,3792.81,100485032,1.55E+11
2020/4/10,3794.84,3824.74,3758.96,3769.18,102444956,1.62E+11
2020/4/13,3751.71,3769.88,3740.19,3753.26,79053343,1.20E+11
2020/4/14,3777.83,3825.76,3764.98,3825.7,110637585,1.71E+11
2020/4/15,3820.85,3829.8,3793.44,3797.36,108461984,1.70E+11
2020/4/16,3777.8,3807.36,3774.56,3802.38,95947965,1.47E+11
2020/4/17,3831.92,3863.45,3821.42,3839.49,132004301,2.04E+11
2020/4/20,3845.46,3853.8,3831.55,3853.46,100013115,1.52E+11
2020/4/21,3838.23,3838.23,3780,3808.05,102921888,1.55E+11
2020/4/22,3789.13,3839.38,3782.22,3839.38,85899464,1.36E+11
2020/4/23,3851.91,3857.47,3826.56,3829.75,95508450,1.42E+11
2020/4/24,3826.31,3827.21,3787.07,3796.97,94844135,1.39E+11
2020/4/27,3808.02,3842.87,3793.77,3822.77,95462735,1.45E+11
2020/4/28,3835.35,3859.68,3768.2,3849.15,122093476,1.84E+11
2020/4/29,3837.51,3880.74,3833.72,3867.03,95854590,1.51E+11
2020/4/30,3880.41,3921.7,3880.41,3912.58,132917125,2.02E+11
2020/5/6,3867.26,3937.69,3865.99,3936.25,139855675,2.15E+11
2020/5/7,3937.59,3941.48,3915.9,3924.89,105514646,1.67E+11
2020/5/8,3943,3979.66,3935.98,3963.62,116943341,1.90E+11
2020/5/11,3974.76,3998.1,3944.5,3960.18,122673803,1.94E+11
2020/5/12,3961.34,3970.11,3930.21,3960.24,98250554,1.57E+11
2020/5/13,3946.64,3972.53,3932.57,3968.25,88190669,1.46E+11
2020/5/14,3952.2,3952.2,3924.05,3925.22,88530004,1.43E+11
2020/5/15,3941.13,3945.2,3907.4,3912.82,92618382,1.53E+11
2020/5/18,3914.66,3946.43,3898.4,3922.91,112801762,1.89E+11
2020/5/19,3963.78,3966.85,3944.07,3956.25,94015291,1.60E+11
2020/5/20,3955.71,3955.71,3923.92,3935.22,100791150,1.57E+11
2020/5/21,3950.6,3951.74,3907.58,3913.8,94861033,1.49E+11
2020/5/22,3907.58,3907.58,3818.15,3824.06,103378360,1.57E+11
2020/5/25,3828.32,3835.63,3800.18,3829.32,79033326,1.27E+11
2020/5/26,3850,3874.75,3844.48,3872.77,77448076,1.25E+11
2020/5/27,3873.7,3873.7,3838.42,3845.61,83711831,1.24E+11
2020/5/28,3848.49,3885.42,3818.43,3856.63,93064054,1.39E+11
2020/5/29,3838.38,3872.3,3830.42,3867.02,93813832,1.36E+11
2020/6/1,3901.73,3976.32,3901.73,3971.34,136456652,2.08E+11
2020/6/2,3969.95,3991.78,3958.98,3983.57,144303060,1.96E+11
2020/6/3,4001.17,4018.68,3982.93,3983.65,136597483,2.01E+11
2020/6/4,3998.16,3999.81,3968.57,3982.19,104277737,1.49E+11
2020/6/5,3988.22,4001.25,3967.93,4001.25,102443942,1.54E+11
2020/6/8,4023.61,4050.22,4016.1,4021.95,137925813,1.93E+11
2020/6/9,4027.56,4052.16,4016.34,4047.03,115304479,1.67E+11
2020/6/10,4046.23,4046.23,4024.42,4039.71,112265728,1.67E+11
2020/6/11,4031.74,4043.01,3979.75,3995.88,127308941,1.97E+11
2020/6/12,3931.62,4011.06,3927.25,4003.08,134166649,1.94E+11
2020/6/15,3982.97,4007.14,3954.99,3954.99,131297860,2.11E+11
2020/6/16,3995.58,4014.57,3987.86,4014.57,111051539,1.85E+11
2020/6/17,4018.61,4018.61,3992.13,4017.59,105605799,1.77E+11
2020/6/18,4009.78,4047.56,4000.9,4044.38,138148761,2.10E+11
2020/6/19,4047.05,4109.36,4043.49,4098.71,152946990,2.56E+11
2020/6/22,4097.51,4126.94,4088.78,4102.05,155829465,2.59E+11
2020/6/23,4098.04,4124.73,4080.75,4121.79,129229510,2.35E+11
2020/6/24,4128.1,4144.68,4123.36,4138.99,121712465,2.25E+11
2020/6/29,4127.93,4137.37,4092.54,4109.72,130865854,2.27E+11
2020/6/30,4130,4174.42,4129.78,4163.96,125933521,2.28E+11
2020/7/1,4172.64,4247.78,4163.5,4247.78,169990456,3.06E+11
2020/7/2,4239.41,4340.1,4238.12,4335.84,252939368,4.00E+11
2020/7/3,4353.19,4419.6,4348.45,4419.6,290485539,4.42E+11
2020/7/6,4465.81,4678.11,4465.81,4670.09,405821025,5.97E+11
2020/7/7,4739.61,4796.32,4688.06,4698.13,406008553,6.35E+11
2020/7/8,4692.86,4803.36,4670.65,4774,348074847,5.33E+11
2020/7/9,4770.08,4854.12,4757.29,4840.77,351046893,5.57E+11
2020/7/10,4796.09,4821.37,4734.47,4753.13,316949651,5.10E+11
2020/7/13,4742.37,4878.08,4741.87,4852.96,321645446,5.41E+11
2020/7/14,4836.17,4860.44,4729.93,4806.69,297241985,5.11E+11
2020/7/15,4821.52,4837.48,4723.36,4744.47,272389006,4.87E+11
2020/7/16,4741.53,4772.56,4513.65,4516.25,284657133,5.11E+11
2020/7/17,4524.77,4601.37,4485.82,4544.7,207375563,3.73E+11
2020/7/20,4597.2,4681.94,4534.23,4680.3,246068914,4.17E+11
2020/7/21,4697.5,4714.29,4661.44,4691.04,200415659,3.56E+11
2020/7/22,4682.66,4790.45,4675.35,4714.45,224199211,3.86E+11
2020/7/23,4668.74,4731.4,4607.66,4712.44,234314569,4.05E+11
2020/7/24,4679.03,4691.7,4479.39,4505.59,243905203,4.38E+11
2020/7/27,4535.01,4558.12,4482.44,4528.45,171420551,3.02E+11
2020/7/28,4567.67,4590.25,4537.69,4568.26,162768498,2.93E+11
2020/7/29,4559.16,4680.56,4548.85,4679.01,186695305,3.50E+11
2020/7/30,4689.76,4704.63,4649.77,4656.15,166967566,3.24E+11
2020/7/31,4652.18,4741.81,4621.96,4695.05,184839026,3.51E+11
2020/8/3,4735.9,4771.37,4720.03,4771.31,214776239,4.02E+11
2020/8/4,4778.49,4807.08,4747.78,4775.8,239974985,4.26E+11
2020/8/5,4761.76,4786.7,4711.27,4777.11,196700548,3.47E+11
2020/8/6,4779.24,4791.86,4691.16,4762.76,227854406,4.04E+11
2020/8/7,4742.29,4749.02,4637.84,4707.93,213518216,3.97E+11
2020/8/10,4681.76,4757.66,4646.29,4724.87,203788832,3.71E+11
2020/8/11,4730.38,4791.53,4674.86,4681.78,205546511,3.51E+11
2020/8/12,4668.89,4681.62,4566.27,4647.64,202887239,3.47E+11
2020/8/13,4666.49,4671.77,4626.1,4635.71,152550092,2.51E+11
2020/8/14,4627.61,4708.07,4617.63,4704.63,147292921,2.54E+11
2020/8/17,4727.12,4838.09,4721.36,4815.23,268001556,4.16E+11
2020/8/18,4816.57,4825.39,4788.83,4812.76,189139854,3.14E+11
2020/8/19,4804.67,4809.05,4738.01,4740.68,192442948,3.19E+11
2020/8/20,4708.13,4721.44,4662.8,4679.15,158368639,2.60E+11
2020/8/21,4717.79,4739.48,4684.81,4718.84,142657864,2.52E+11
2020/8/24,4746.4,4769.47,4716.61,4755.85,151143512,2.72E+11
2020/8/25,4769.21,4802.41,4746.31,4761.95,141701351,2.62E+11
2020/8/26,4761.72,4786.42,4689.88,4706.13,151305180,2.77E+11
2020/8/27,4718.06,4731.94,4679.36,4731.35,119042850,2.24E+11
2020/8/28,4727.29,4850.49,4719.35,4844.27,159399765,3.05E+11
2020/8/31,4870.93,4901.21,4816.21,4816.22,202567029,3.57E+11
2020/9/1,4803.39,4842.13,4791.78,4842.12,138395402,2.62E+11
2020/9/2,4859.08,4863.55,4797.52,4843.89,157989524,2.81E+11
2020/9/3,4841.5,4877.01,4800.06,4817.1,145671201,2.79E+11
2020/9/4,4737.24,4778.2,4726.56,4770.22,120032796,2.38E+11
2020/9/7,4759.52,4789.3,4655.56,4669.37,148607791,2.82E+11
2020/9/8,4683.83,4707.9,4639.05,4694.39,139199227,2.49E+11
2020/9/9,4634.25,4645.2,4558.03,4584.59,162277107,2.45E+11
2020/9/10,4632.1,4647.75,4572.21,4581.98,150652878,2.26E+11
2020/9/11,4572.26,4630.88,4563.11,4627.28,115302424,1.98E+11
2020/9/14,4652.05,4666.99,4625.99,4651.05,107235179,2.12E+11
2020/9/15,4649.45,4691.5,4630.54,4688.48,101915925,1.95E+11
2020/9/16,4683.01,4690.68,4638.46,4657.36,108753641,1.96E+11
2020/9/17,4642.05,4664.95,4601.64,4632.71,105983631,2.14E+11
2020/9/18,4636.64,4737.8,4631.7,4737.09,160426475,2.82E+11
2020/9/21,4750.75,4752.98,4688.72,4691.43,124535827,2.24E+11
2020/9/22,4654.22,4706.21,4622.11,4635.76,119672947,2.03E+11
2020/9/23,4639.66,4665.96,4623.55,4652.33,95826528,1.90E+11
2020/9/24,4623.95,4631.95,4562.21,4563.07,112593683,1.94E+11
2020/9/25,4582.48,4599.54,4554.72,4570.02,93015155,1.67E+11
2020/9/28,4582.65,4613.63,4571.15,4581.91,85048389,1.59E+11
2020/9/29,4608.29,4616.68,4586.35,4591.8,85993858,1.60E+11
2020/9/30,4607.58,4634.72,4563.41,4587.4,89081200,1.66E+11
2020/10/9,4663.61,4695.4,4655.09,4681.14,111337512,2.30E+11
2020/10/12,4705.19,4823.27,4704.16,4823.16,155784558,3.08E+11
2020/10/13,4812.9,4845.92,4795.37,4839.2,116516338,2.42E+11
2020/10/14,4830.46,4830.46,4795.91,4807.1,111906923,2.30E+11
2020/10/15,4810.78,4833.89,4796.26,4798.74,109964962,2.14E+11
2020/10/16,4798.92,4825.55,4765.97,4791.68,116716102,2.04E+11
2020/10/19,4823.49,4849.61,4747.34,4755.49,129246361,2.25E+11
2020/10/20,4751.37,4793.47,4739.46,4793.47,98048156,1.86E+11
2020/10/21,4801.63,4801.63,4758.86,4792.83,103805703,1.90E+11
2020/10/22,4780.6,4791.81,4725.5,4777.98,101350891,1.95E+11
2020/10/23,4775.47,4802.46,4717.1,4718.49,106825184,2.01E+11
2020/10/26,4684.05,4713.39,4639.3,4691.24,108343275,2.06E+11
2020/10/27,4680.14,4708.46,4671.85,4699.28,92656304,1.87E+11
2020/10/28,4703,4753.31,4685.6,4737.27,108463402,2.27E+11
2020/10/29,4683.61,4803.03,4679.25,4772.92,117117250,2.52E+11
2020/10/30,4776.47,4778.51,4683.47,4695.33,139802303,2.81E+11
2020/11/2,4702.75,4738.02,4695.44,4720.83,142867693,2.79E+11
2020/11/3,4743.17,4793.4,4734.17,4777.56,136055408,2.52E+11
2020/11/4,4781.45,4825.46,4770.56,4813.66,114661806,2.31E+11
2020/11/5,4861.34,4885.11,4838,4885.11,139244594,2.82E+11
2020/11/6,4897.63,4897.63,4845.43,4885.72,153639034,3.05E+11
2020/11/9,4918.86,4997.8,4918.86,4981.35,197131984,3.72E+11
2020/11/10,4995.41,4995.41,4928.93,4953.88,176267214,3.34E+11
2020/11/11,4937.76,4957.58,4901.71,4904.9,164470515,3.04E+11
2020/11/12,4916.77,4926.34,4891.51,4908.46,118114619,2.28E+11
2020/11/13,4886.98,4886.98,4825.76,4856.85,133693079,2.55E+11
2020/11/16,4880.96,4904.17,4848.62,4904.17,148770980,2.67E+11
2020/11/17,4903.12,4909.29,4865.39,4894.79,151487464,2.89E+11
2020/11/18,4889.67,4911.09,4870.72,4891.67,164216616,2.91E+11
2020/11/19,4880.92,4939.79,4870.2,4927.99,133681378,2.48E+11
2020/11/20,4928.22,4947.43,4922.59,4943.29,129400341,2.29E+11
2020/11/23,4954.6,5029.65,4940.45,5005.03,205915187,3.34E+11
2020/11/24,4997.05,5001.06,4960.98,4974.29,156637911,2.65E+11
